AUX	Century	INF	Class
lanzar	21	llevar	Desplazamiento
echar	21	dormir	Fisiología
lanzar	21	probar	Disposición
tirar	21	atacar	Competición
lanzar	21	hacer	Verbos de apoyo
lanzar	21	estudiar	Conocimiento
lanzar	21	hacer	Creación
lanzar	21	teorizar	Conocimiento
echar	21	llorar	Fisiología
tirar	21	nadar	Desplazamiento
tirar	21	felicitar	Valoración
echar	21	temblar	Manera Movimiento
echar	21	reír	Fisiología
echar	21	temblar	Manera Movimiento
lanzar	21	perseguir	Desplazamiento
lanzar	21	vivir	Vida
lanzar	21	comerciar	Actividad
echar	21	andar	Desplazamiento
lanzar	21	declarar	Comunicación
echar	21	andar	Desplazamiento
echar	21	reír	Fisiología
lanzar	21	escribir	Comunicación
echar	21	andar	Desplazamiento
lanzar	21	crear	Creación
lanzar	21	correr	Desplazamiento
lanzar	21	pedir	Petición
echar	21	andar	Uso
lanzar	21	vender	Transferencia
tirar	21	nadar	Desplazamiento
lanzar	21	endurecer	Modificación
echar	21	volar	Desplazamiento
echar	21	correr	Desplazamiento
lanzar	21	consumir	Consumo
tirar	21	bucear	Desplazamiento
echar	21	rodar	Desplazamiento
lanzar	21	contar	Comunicación
echar	21	caminar	Desplazamiento
lanzar	21	trabajar	Actividad
tirar	21	comer	Ingestión
echar	21	rodar	Desplazamiento
lanzar	21	emprender	Fase
echar	21	andar	Uso
lanzar	21	pedir	Petición
echar	21	volar	Desplazamiento
lanzar	21	protestar	Comunicación
echar	21	andar	Uso
lanzar	21	construir	Creación
echar	21	andar	Desplazamiento
lanzar	21	escribir	Comunicación
echar	21	rodar	Desplazamiento
lanzar	21	montar	Creación
lanzar	21	emprender	Fase
echar	21	reír	Fisiología
echar	21	temblar	Manera Movimiento
lanzar	21	hacer	Creación
lanzar	21	recordar	Conocimiento
echar	21	temblar	Manera Movimiento
arrojar	21	comprar	Adquisición
lanzar	21	intentar	Disposición
echar	21	andar	Uso
lanzar	21	admirar	Sensación
lanzar	21	aprovechar	Uso
lanzar	21	probar	Disposición
lanzar	21	fraguarse	Creencia
echar	21	andar	Desplazamiento
echar	21	reír	Fisiología
echar	21	reír	Fisiología
echar	21	temblar	Manera Movimiento
lanzar	21	vender	Transferencia
echar	21	rodar	Desplazamiento
tirar	21	hacer	Verbos de apoyo
echar	21	volar	Desplazamiento
echar	21	reír	Fisiología
lanzar	21	crear	Creación
lanzar	21	decir	Comunicación
echar	21	reír	Fisiología
echar	21	correr	Desplazamiento
lanzar	21	hacer	Creación
lanzar	21	comprar	Adquisición
echar	21	andar	Uso
lanzar	21	escribir	Comunicación
echar	21	temblar	Manera Movimiento
lanzar	21	escoger	Elección
tirar	21	nadar	Desplazamiento
echar	21	andar	Uso
echar	21	rodar	Desplazamiento
echar	21	rodar	Desplazamiento
arrojar	21	cruzar	Desplazamiento
tirar	21	llorar	Fisiología
echar	21	rodar	Cambio
echar	21	andar	Desplazamiento
lanzar	21	realizar	Actividad
lanzar	21	explorar	Percepción
lanzar	21	probar	Disposición
lanzar	21	coronar	Localización
echar	21	rodar	Desplazamiento
echar	21	rodar	Desplazamiento
lanzar	21	mejorar	Modificación
echar	21	llorar	Fisiología
echar	21	correr	Desplazamiento
lanzar	21	tratar	Disposición
echar	21	andar	Desplazamiento
echar	21	temblar	Manera Movimiento
lanzar	21	cantar	Emisión de sonido
lanzar	21	comprar	Adquisición
lanzar	21	producir	Creación
lanzar	21	participar	Actividad
lanzar	21	conquistar	Adquisición
echar	21	correr	Desplazamiento
echar	21	temblar	Manera Movimiento
echar	21	andar	Desplazamiento
lanzar	21	realizar	Actividad
echar	21	andar	Desplazamiento
lanzar	21	publicar	Comunicación
lanzar	21	volar	Desplazamiento
echar	21	andar	Desplazamiento
arrojar	21	besar	Contacto
lanzar	21	crear	Creación
lanzar	21	faenar	Actividad
tirar	21	adivinar	Conocimiento
echar	21	andar	Desplazamiento
echar	21	andar	Desplazamiento
echar	21	caminar	Desplazamiento
lanzar	21	desarrollar	Fase
lanzar	21	descubrir	Percepción
echar	21	temblar	Manera Movimiento
arrojar	21	mostrar	Percepción
echar	21	andar	Desplazamiento
echar	21	rodar	Desplazamiento
tirar	21	correr	Desplazamiento
tirar	21	decir	Comunicación
lanzar	21	vender	Transferencia
echar	21	andar	Desplazamiento
echar	21	temblar	Manera Movimiento
echar	21	andar	Desplazamiento
lanzar	21	explorar	Percepción
echar	21	andar	Uso
lanzar	21	montar	Creación
tirar	21	preguntar	Comunicación
echar	21	andar	Desplazamiento
echar	21	dormir	Fisiología
echar	21	temblar	Manera Movimiento
lanzar	21	experimentar	Actividad
lanzar	21	anunciar	Comunicación
tirar	21	pintar	Cambio
tirar	21	pegar	Contacto
echar	21	llorar	Fisiología
lanzar	21	jugar	Actividad
lanzar	21	coproducir	Creación
tirar	21	hacer	Creación
lanzar	21	incrementar	Modificación
lanzar	21	emprender	Fase
lanzar	21	dejar	Verbos de apoyo
echar	21	temblar	Manera Movimiento
echar	21	llorar	Fisiología
echar	21	temblar	Manera Movimiento
echar	21	andar	Uso
lanzar	21	fidelizar	Creencia
lanzar	21	montar	Creación
echar	21	temblar	Manera Movimiento
echar	21	dormir	Fisiología
lanzar	21	exportar	Transferencia
echar	21	rodar	Desplazamiento
lanzar	21	desfogar	Fisiología
echar	21	llorar	Fisiología
lanzar	21	promover	Inducción
lanzar	21	alcanzar	Adquisición
echar	21	llorar	Fisiología
lanzar	21	ofrecer	Disposición
lanzar	21	crear	Creación
echar	21	llorar	Fisiología
lanzar	21	probar	Disposición
lanzar	21	escribir	Comunicación
echar	21	llorar	Fisiología
lanzar	21	conquistar	Adquisición
lanzar	21	crear	Creación
lanzar	21	hacer	Verbos de apoyo
lanzar	21	recorrer	Desplazamiento
lanzar	21	conseguir	Adquisición
lanzar	21	ayudar	Inducción
echar	21	reír	Fisiología
echar	21	rodar	Desplazamiento
lanzar	21	representar	Actividad
lanzar	21	recorrer	Desplazamiento
echar	21	andar	Desplazamiento
arrojar	21	manifestar	Percepción
tirar	21	nadar	Desplazamiento
lanzar	21	probar	Disposición
lanzar	21	solicitar	Petición
lanzar	21	vencer	Competición
echar	21	andar	Desplazamiento
lanzar	21	navegar	Desplazamiento
echar	21	correr	Desplazamiento
echar	21	dormir	Fisiología
echar	21	rodar	Actividad
tirar	21	nadar	Desplazamiento
lanzar	21	conseguir	Adquisición
echar	21	llorar	Fisiología
echar	21	andar	Desplazamiento
lanzar	21	pelear	Competición
echar	21	correr	Desplazamiento
echar	21	andar	Desplazamiento
echar	21	andar	Uso
echar	21	temblar	Manera Movimiento
echar	21	llorar	Fisiología
lanzar	21	crear	Creación
lanzar	21	producir	Creación
lanzar	21	buscar	Percepción
lanzar	21	crear	Creación
echar	21	andar	Uso
lanzar	21	anunciar	Comunicación
echar	21	correr	Desplazamiento
lanzar	21	experimentar	Actividad
echar	21	llorar	Fisiología
echar	21	correr	Desplazamiento
lanzar	21	conseguir	Adquisición
lanzar	21	escribir	Comunicación
echar	21	pelear	Competición
arrojar	21	decir	Comunicación
lanzar	21	dirigir	Desplazamiento
lanzar	21	celebrar	Verbos de apoyo
lanzar	21	tomar	Ingestión
echar	21	andar	Desplazamiento
lanzar	21	hacer	Creación
lanzar	21	jugar	Actividad
lanzar	21	conquistar	Adquisición
lanzar	21	explorar	Percepción
echar	21	correr	Desplazamiento
tirar	21	pegar	Contacto
echar	21	andar	Desplazamiento
lanzar	21	perseguir	Desplazamiento
lanzar	21	producir	Creación
echar	21	llorar	Fisiología
lanzar	21	comprar	Adquisición
echar	21	reír	Fisiología
lanzar	21	emitir	Emisión
lanzar	21	poner	Verbos de apoyo
echar	21	andar	Uso
echar	21	temblar	Manera Movimiento
echar	21	temblar	Manera Movimiento
lanzar	21	renegociar	Comunicación
echar	21	andar	Desplazamiento
echar	21	volar	Desplazamiento
echar	21	llorar	Fisiología
tirar	21	piratear	Adquisición
tirar	21	surfear	Actividad
echar	21	andar	Desplazamiento
echar	21	fundir	Modificación
echar	21	llorar	Fisiología
lanzar	21	rodar	Cambio
tirar	21	volar	Desplazamiento
echar	21	dormir	Fisiología
arrojar	21	vituperar	Comunicación
lanzar	21	adelantar	Desplazamiento
echar	21	temblar	Manera Movimiento
echar	21	andar	Desplazamiento
echar	21	reír	Fisiología
echar	21	rodar	Actividad
lanzar	21	informar	Comunicación
echar	21	llorar	Fisiología
echar	21	andar	Uso
lanzar	21	ayudar	Inducción
echar	21	andar	Desplazamiento
lanzar	21	dar	Transferencia
echar	21	volar	Desplazamiento
echar	21	volar	Desplazamiento
echar	21	andar	Uso
arrojar	21	juzgar	Valoración
echar	21	temblar	Manera Movimiento
echar	21	volar	Desplazamiento
lanzar	21	matar	Vida
echar	21	reír	Fisiología
echar	21	llorar	Fisiología
echar	21	correr	Desplazamiento
lanzar	21	recorrer	Desplazamiento
echar	21	correr	Desplazamiento
lanzar	21	emprender	Fase
echar	21	andar	Desplazamiento
lanzar	21	comprar	Adquisición
tirar	21	patinar	Desplazamiento
lanzar	21	hacer	Verbos de apoyo
echar	21	morir	Vida
echar	21	conocer	Conocimiento
echar	21	volar	Desplazamiento
tirar	21	decir	Comunicación
lanzar	21	explicar	Comunicación
echar	21	temblar	Manera Movimiento
echar	21	andar	Desplazamiento
echar	21	correr	Desplazamiento
lanzar	21	utilizar	Uso
lanzar	21	dar	Verbos de apoyo
echar	21	reír	Fisiología
echar	21	correr	Desplazamiento
lanzar	21	rehabilitar	Modificación
echar	21	caminar	Desplazamiento
echar	21	temblar	Manera Movimiento
lanzar	21	habilitar	Modificación
echar	21	andar	Uso
lanzar	21	pedir	Petición
echar	21	rodar	Desplazamiento
echar	21	llorar	Fisiología
echar	21	andar	Desplazamiento
echar	21	llorar	Fisiología
lanzar	21	crear	Creación
arrojar	21	pedir	Petición
echar	21	temblar	Manera Movimiento
echar	21	correr	Desplazamiento
lanzar	21	correr	Desplazamiento
echar	21	volar	Desplazamiento
lanzar	21	producir	Creación
lanzar	21	comentar	Comunicación
lanzar	21	pasar	Tiempo
lanzar	21	elaborar	Modificación
tirar	21	nadar	Desplazamiento
echar	21	correr	Desplazamiento
echar	21	dormir	Fisiología
lanzar	21	compartir	Posesión
echar	21	correr	Desplazamiento
echar	21	correr	Desplazamiento
echar	21	andar	Desplazamiento
lanzar	21	montar	Creación
echar	21	andar	Desplazamiento
arrojar	21	sacar	Verbos de apoyo
echar	21	correr	Desplazamiento
lanzar	21	tomar	Verbos de apoyo
lanzar	21	tararear	Emisión de sonido
lanzar	21	buscar	Percepción
echar	21	andar	Desplazamiento
echar	21	llorar	Fisiología
echar	21	dormir	Fisiología
lanzar	21	trabajar	Actividad
lanzar	21	vivir	Vida
echar	21	correr	Desplazamiento
echar	21	reír	Fisiología
tirar	21	llorar	Fisiología
lanzar	21	quemar	Destrucción
lanzar	21	pedir	Petición
lanzar	21	adquirir	Adquisición
echar	21	andar	Uso
echar	21	andar	Desplazamiento
echar	21	correr	Desplazamiento
echar	21	reír	Fisiología
lanzar	21	comprar	Transferencia
lanzar	21	emprender	Fase
echar	21	rodar	Desplazamiento
echar	21	reír	Fisiología
lanzar	21	entrenar	Modificación
lanzar	21	saquear	Adquisición
echar	21	andar	Uso
echar	21	rodar	Uso
lanzar	21	dejar	Comunicación
echar	21	andar	Uso
echar	21	dormir	Fisiología
echar	21	llorar	Fisiología
lanzar	21	hacer	Verbos de apoyo
lanzar	21	conseguir	Adquisición
echar	21	andar	Desplazamiento
tirar	21	adivinar	Conocimiento
tirar	21	deslumbrar	Modificación
lanzar	21	dejar	Localización
lanzar	21	convocar	Relaciones Sociales
lanzar	21	volar	Desplazamiento
echar	21	correr	Desplazamiento
lanzar	21	explotar	Uso
lanzar	21	conquistar	Adquisición
lanzar	21	ejecutar	Actividad
lanzar	21	buscar	Percepción
lanzar	21	pensar	Cognición
echar	21	dormir	Fisiología
lanzar	21	correr	Desplazamiento
lanzar	21	probar	Disposición
lanzar	21	sentir	Sensación
echar	21	correr	Desplazamiento
echar	21	reír	Fisiología
tirar	21	besar	Contacto
lanzar	21	producir	Creación
tirar	21	volar	Desplazamiento
lanzar	21	hacer	Verbos de apoyo
lanzar	21	lanzar	Verbos de apoyo
lanzar	21	exportar	Transferencia
echar	21	andar	Uso
echar	21	andar	Desplazamiento
lanzar	21	buscar	Percepción
echar	21	andar	Desplazamiento
lanzar	21	intentar	Disposición
lanzar	21	usar	Uso
echar	21	correr	Desplazamiento
echar	21	correr	Desplazamiento
echar	21	correr	Desplazamiento
echar	21	correr	Desplazamiento
echar	21	rodar	Desplazamiento
lanzar	21	revolucionar	Sensación
arrojar	21	vengar	Relaciones Sociales
lanzar	21	producir	Creación
lanzar	21	corear	Comunicación
echar	21	correr	Desplazamiento
echar	21	andar	Desplazamiento
echar	21	correr	Desplazamiento
echar	21	dormir	Fisiología
echar	21	temblar	Manera Movimiento
echar	21	temblar	Manera Movimiento
tirar	21	aplicar	Disposición
lanzar	21	jugar	Actividad
tirar	21	nadar	Desplazamiento
tirar	21	llorar	Fisiología
lanzar	21	hacer	Creación
lanzar	21	integrar	Unión
echar	21	andar	Desplazamiento
echar	21	andar	Desplazamiento
lanzar	21	buscar	Percepción
tirar	21	atacar	Competición
lanzar	21	conquistar	Adquisición
echar	21	rodar	Desplazamiento
lanzar	21	vender	Transferencia
echar	21	andar	Uso
lanzar	21	explorar	Percepción
echar	21	volar	Desplazamiento
lanzar	21	hacer	Creación
arrojar	21	utilizar	Uso
echar	21	andar	Desplazamiento
lanzar	21	crear	Creación
echar	21	llorar	Fisiología
echar	21	correr	Desplazamiento
arrojar	21	decir	Comunicación
tirar	21	hacer	Verbos de apoyo
echar	21	andar	Uso
arrojar	21	cubrirse	Modificación
lanzar	21	analizar	Conocimiento
lanzar	21	adquirir	Adquisición
echar	21	correr	Desplazamiento
lanzar	21	auscultar	Percepción
echar	21	volar	Desplazamiento
lanzar	21	montar	Modificación
arrojar	21	abrazar	Contacto
lanzar	21	comprar	Adquisición
echar	21	rodar	Uso
lanzar	21	publicar	Comunicación
lanzar	21	ampliar	Modificación
echar	21	dormir	Fisiología
echar	21	rodar	Desplazamiento
echar	21	andar	Desplazamiento
echar	21	temblar	Manera Movimiento
echar	21	andar	Uso
lanzar	21	llevar	Verbos de apoyo
echar	21	llorar	Fisiología
echar	21	llorar	Fisiología
lanzar	21	tocar	Emisión
lanzar	21	ser	Atribución
echar	21	andar	Uso
echar	21	temblar	Manera Movimiento
lanzar	21	escribir	Comunicación
lanzar	21	copiar	Cambio
lanzar	21	buscar	Percepción
echar	21	temblar	Manera Movimiento
echar	21	andar	Desplazamiento
lanzar	21	abrir	Modificación
lanzar	21	levantar	Desplazamiento
echar	21	andar	Desplazamiento
echar	21	andar	Desplazamiento
echar	21	correr	Desplazamiento
arrojar	21	atacar	Competición
disparar	21	golpear	Contacto
lanzar	21	experimentar	Actividad
echar	21	temblar	Manera Movimiento
lanzar	21	hacer	Creación
echar	21	volar	Desplazamiento
echar	21	llorar	Fisiología
lanzar	21	defender	Competición
lanzar	21	mejorar	Modificación
lanzar	21	devorar	Ingestión
tirar	21	realizar	Actividad
lanzar	21	contratar	Relaciones Sociales
echar	21	andar	Desplazamiento
lanzar	21	compartir	Posesión
echar	21	correr	Desplazamiento
echar	21	correr	Desplazamiento
lanzar	21	ampliar	Modificación
echar	21	andar	Desplazamiento
lanzar	21	buscar	Percepción
echar	21	rodar	Desplazamiento
echar	21	llorar	Fisiología
echar	21	correr	Desplazamiento
tirar	21	traducir	Comunicación
lanzar	21	vivir	Vida
echar	21	correr	Desplazamiento
lanzar	21	cambiar	Modificación
lanzar	21	convencer	Creencia
lanzar	21	crear	Creación
echar	21	rodar	Desplazamiento
echar	21	temblar	Manera Movimiento
echar	21	reír	Fisiología
echar	21	correr	Desplazamiento
lanzar	21	comprar	Adquisición
echar	21	andar	Desplazamiento
lanzar	21	hacer	Verbos de apoyo
echar	21	morir	Vida
lanzar	21	hablar	Comunicación
lanzar	21	atacar	Competición
echar	21	andar	Desplazamiento
echar	21	correr	Desplazamiento
echar	21	llorar	Fisiología
echar	21	correr	Desplazamiento
lanzar	21	razonar	Conocimiento
echar	21	andar	Desplazamiento
arrojar	21	sustituir	Sustitución
echar	21	correr	Desplazamiento
lanzar	21	ofrecer	Transferencia
lanzar	21	criticar	Valoración
echar	21	caminar	Desplazamiento
lanzar	21	explicar	Comunicación
echar	21	correr	Desplazamiento
echar	21	temblar	Manera Movimiento
lanzar	21	emprender	Fase
lanzar	21	correr	Desplazamiento
echar	21	temblar	Manera Movimiento
echar	21	andar	Desplazamiento
echar	21	temblar	Manera Movimiento
lanzar	21	entrar	Desplazamiento
lanzar	21	explorar	Percepción
lanzar	21	destruir	Destrucción
tirar	21	desarmar	Adquisición
lanzar	21	ocupar	Localización
lanzar	21	alabar	Valoración
lanzar	21	disfrutar	Sensación
echar	21	andar	Desplazamiento
lanzar	21	hallar	Localización
lanzar	21	contratar	Relaciones Sociales
lanzar	21	cruzar	Desplazamiento
lanzar	21	revelar	Modificación
lanzar	21	desarrollar	Fase
echar	21	navegar	Desplazamiento
echar	21	andar	Desplazamiento
echar	21	andar	Desplazamiento
lanzar	21	publicar	Comunicación
lanzar	21	reutilizar	Uso
echar	21	temblar	Manera Movimiento
lanzar	21	retratar	Cambio
echar	21	correr	Desplazamiento
lanzar	21	protagonizar	Actividad
lanzar	21	comenzar	Fase
lanzar	21	resolver	Modificación
lanzar	21	correr	Desplazamiento
echar	21	correr	Desplazamiento
lanzar	21	usar	Uso
echar	21	andar	Uso
lanzar	21	ligar	Relaciones Sociales
lanzar	21	actuar	Actividad
echar	21	andar	Desplazamiento
lanzar	21	dirigir	Actividad
lanzar	21	tomar	Verbos de apoyo
tirar	21	hablar	Comunicación
lanzar	21	generar	Existencia
echar	21	correr	Desplazamiento
echar	21	andar	Desplazamiento
lanzar	21	producir	Creación
lanzar	21	buscar	Percepción
lanzar	21	vivir	Vida
lanzar	21	dejar	Transferencia
echar	21	andar	Uso
echar	21	andar	Uso
echar	21	llorar	Fisiología
lanzar	21	aporrear	Contacto
echar	21	andar	Desplazamiento
lanzar	21	caminar	Desplazamiento
lanzar	21	comercializar	Transferencia
tirar	21	comparar	Relación
lanzar	21	practicar	Verbos de apoyo
lanzar	21	discutir	Comunicación
echar	21	correr	Desplazamiento
echar	21	andar	Desplazamiento
lanzar	21	hablar	Comunicación
lanzar	21	publicar	Comunicación
lanzar	21	investigar	Conocimiento
echar	21	llorar	Fisiología
lanzar	21	comercializar	Transferencia
lanzar	21	abrir	Creación
lanzar	21	emprender	Fase
echar	21	dormir	Fisiología
tirar	21	correr	Desplazamiento
lanzar	21	emprender	Fase
lanzar	21	cruzar	Desplazamiento
echar	21	temblar	Manera Movimiento
lanzar	21	comprar	Adquisición
lanzar	21	recriminar	Comunicación
echar	21	llorar	Fisiología
lanzar	21	hacer	Verbos de apoyo
echar	21	llorar	Fisiología
lanzar	21	contestar	Comunicación
lanzar	21	besar	Contacto
echar	21	andar	Desplazamiento
lanzar	21	planificar	Creencia
lanzar	21	recortar	Modificación
echar	21	andar	Desplazamiento
lanzar	21	buscar	Percepción
lanzar	21	disparar	Desplazamiento
echar	21	llorar	Fisiología
tirar	21	hacer	Verbos de apoyo
arrojar	21	recoger	Control
tirar	21	fumar	Ingestión
lanzar	21	comentar	Comunicación
echar	21	andar	Desplazamiento
echar	21	andar	Uso
echar	21	reír	Fisiología
echar	21	correr	Desplazamiento
echar	21	andar	Uso
echar	21	andar	Desplazamiento
lanzar	21	conquistar	Adquisición
lanzar	21	caminar	Desplazamiento
lanzar	21	disputar	Competición
echar	21	andar	Desplazamiento
echar	21	rodar	Desplazamiento
lanzar	21	contratar	Relaciones Sociales
echar	21	llorar	Fisiología
echar	21	andar	Desplazamiento
echar	21	llorar	Fisiología
lanzar	21	engullir	Ingestión
lanzar	21	experimentar	Actividad
echar	21	andar	Desplazamiento
echar	21	volar	Desplazamiento
echar	21	llorar	Fisiología
lanzar	21	producir	Creación
echar	21	temblar	Manera Movimiento
echar	21	rodar	Desplazamiento
echar	21	correr	Desplazamiento
lanzar	21	hacer	Verbos de apoyo
echar	21	correr	Desplazamiento
lanzar	21	fabricar	Creación
lanzar	21	acumular	Unión
lanzar	21	operar	Actividad
echar	21	correr	Desplazamiento
lanzar	21	trabajar	Actividad
echar	21	correr	Desplazamiento
lanzar	21	producir	Creación
lanzar	21	buscar	Percepción
echar	21	correr	Desplazamiento
echar	21	andar	Desplazamiento
lanzar	21	realizar	Actividad
echar	21	andar	Desplazamiento
lanzar	21	correr	Desplazamiento
lanzar	21	instalar	Localización
lanzar	21	buscar	Percepción
tirar	21	llorar	Fisiología
echar	21	reír	Fisiología
echar	21	rodar	Desplazamiento
echar	21	llorar	Fisiología
lanzar	21	trabajar	Actividad
lanzar	21	prejubilar	Modificación
lanzar	21	impedir	Permiso
echar	21	llorar	Fisiología
echar	21	correr	Desplazamiento
echar	21	dormir	Fisiología
lanzar	21	reformar	Modificación
echar	21	llorar	Fisiología
lanzar	21	enfrentar	Competición
tirar	21	pegar	Contacto
lanzar	21	escribir	Comunicación
lanzar	21	presentarse	Percepción
lanzar	21	coger	Control
lanzar	21	dar	Verbos de apoyo
lanzar	21	buscar	Percepción
echar	21	andar	Desplazamiento
echar	21	llorar	Fisiología
lanzar	21	hacer	Verbos de apoyo
echar	21	andar	Desplazamiento
echar	21	andar	Desplazamiento
echar	21	andar	Desplazamiento
echar	21	andar	Uso
lanzar	21	leer	Percepción
lanzar	21	desarrollar	Fase
echar	21	rodar	Actividad
lanzar	21	diseñar	Creación
lanzar	21	reflexionar	Conocimiento
lanzar	21	contar	Comunicación
tirar	21	llorar	Fisiología
tirar	21	comprar	Adquisición
echar	21	correr	Desplazamiento
lanzar	21	descubrir	Percepción
echar	21	llorar	Fisiología
lanzar	21	escribir	Comunicación
echar	21	correr	Desplazamiento
lanzar	21	eliminar	Destrucción
echar	21	volar	Desplazamiento
echar	21	temblar	Manera Movimiento
lanzar	21	solicitar	Petición
echar	21	correr	Desplazamiento
lanzar	21	traer	Desplazamiento
echar	21	correr	Desplazamiento
echar	21	andar	Desplazamiento
lanzar	21	publicar	Comunicación
echar	21	llorar	Fisiología
echar	21	volar	Desplazamiento
tirar	21	perseguir	Desplazamiento
echar	21	andar	Desplazamiento
lanzar	21	hacer	Creación
tirar	21	frenar	Modificación
lanzar	21	dar	Transferencia
lanzar	21	escribir	Comunicación
lanzar	21	crear	Creación
echar	21	andar	Desplazamiento
lanzar	21	comprar	Adquisición
tirar	21	correr	Desplazamiento
lanzar	21	trabajar	Actividad
echar	21	volar	Desplazamiento
echar	21	temblar	Manera Movimiento
echar	21	llorar	Fisiología
echar	21	reír	Fisiología
lanzar	21	recorrer	Desplazamiento
echar	21	temblar	Desplazamiento
lanzar	21	recorrer	Desplazamiento
lanzar	21	poner	Modificación
echar	21	andar	Desplazamiento
lanzar	21	captar	Control
echar	21	reír	Fisiología
lanzar	21	conquistar	Adquisición
echar	21	andar	Desplazamiento
echar	21	pasear	Desplazamiento
lanzar	21	montar	Creación
echar	21	correr	Desplazamiento
lanzar	21	explicar	Conocimiento
echar	21	dormir	Fisiología
lanzar	21	conseguir	Adquisición
lanzar	21	violar	Actividad
tirar	21	hacer	Verbos de apoyo
echar	21	temblar	Manera Movimiento
lanzar	21	arponear	Desplazamiento
echar	21	llorar	Fisiología
echar	21	rodar	Desplazamiento
echar	21	llorar	Fisiología
lanzar	21	probar	Disposición
lanzar	21	corretear	Desplazamiento
lanzar	21	descubrir	Percepción
echar	21	reír	Fisiología
echar	21	andar	Uso
echar	21	morir	Vida
echar	21	reír	Fisiología
lanzar	21	conquistar	Adquisición
echar	21	andar	Desplazamiento
lanzar	21	explorar	Percepción
echar	21	temblar	Manera Movimiento
arrojar	21	combatir	Competición
lanzar	21	emprender	Fase
echar	21	llorar	Fisiología
lanzar	21	suplir	Sustitución
tirar	21	nadar	Desplazamiento
echar	21	dormir	Fisiología
arrojar	21	estudiar	Conocimiento
lanzar	21	publicar	Comunicación
arrojar	21	sospechar	Creencia
echar	21	leer	Percepción
lanzar	21	probar	Disposición
arrojar	21	discutir	Comunicación
lanzar	21	ser	Atribución
echar	21	reír	Fisiología
lanzar	21	publicar	Comunicación
lanzar	21	pasear	Desplazamiento
arrojar	21	volar	Desplazamiento
lanzar	21	buscar	Percepción
lanzar	21	recorrer	Desplazamiento
lanzar	21	disparar	Desplazamiento
lanzar	21	publicar	Comunicación
echar	21	andar	Desplazamiento
echar	21	rodar	Manera Movimiento
tirar	21	rescatar	Control
echar	21	andar	Uso
lanzar	21	recrear	Sensación
lanzar	21	recorrer	Desplazamiento
echar	21	andar	Desplazamiento
echar	21	llorar	Fisiología
lanzar	21	abrir	Modificación
arrojar	21	correr	Desplazamiento
lanzar	21	contestar	Comunicación
echar	21	lavar	Modificación
lanzar	21	recolectar	Unión
lanzar	21	abrazar	Contacto
lanzar	21	presentar	Percepción
tirar	21	corretear	Desplazamiento
tirar	21	pelear	Competición
echar	21	andar	Desplazamiento
echar	21	arder	Cambio
lanzar	21	observar	Percepción
echar	21	correr	Desplazamiento
echar	21	correr	Desplazamiento
lanzar	21	escribir	Comunicación
lanzar	21	leer	Percepción
echar	21	correr	Desplazamiento
lanzar	21	abrir	Modificación
echar	21	andar	Desplazamiento
lanzar	21	mostrar	Percepción
lanzar	21	montar	Creación
lanzar	21	hacer	Creación
echar	21	correr	Desplazamiento
echar	21	correr	Desplazamiento
lanzar	21	comprar	Adquisición
lanzar	21	responder	Comunicación
lanzar	21	hacer	Creación
echar	21	andar	Desplazamiento
lanzar	21	advertir	Comunicación
echar	21	andar	Desplazamiento
lanzar	21	pasear	Desplazamiento
echar	21	temblar	Manera Movimiento
lanzar	21	decorar	Modificación
lanzar	21	montar	Creación
lanzar	21	conquistar	Adquisición
echar	21	reír	Fisiología
echar	21	andar	Uso
echar	21	correr	Desplazamiento
echar	21	dormir	Fisiología
echar	21	dormir	Fisiología
echar	21	llorar	Fisiología
echar	21	andar	Uso
echar	21	correr	Desplazamiento
lanzar	21	ocupar	Relación
lanzar	21	besar	Contacto
echar	21	correr	Desplazamiento
lanzar	21	formar	Relación
echar	21	temblar	Manera Movimiento
lanzar	21	pronosticar	Comunicación
echar	21	andar	Desplazamiento
lanzar	21	predicar	Comunicación
echar	21	correr	Desplazamiento
echar	21	correr	Desplazamiento
echar	21	llorar	Fisiología
lanzar	21	reunificar	Unión
lanzar	21	apoyar	Localización
arrojar	21	tranquilizar	Sensación
echar	21	andar	Desplazamiento
arrojar	21	cantar	Emisión de sonido
lanzar	21	promocionar	Comunicación
lanzar	21	hacer	Verbos de apoyo
echar	21	temblar	Desplazamiento
lanzar	21	solicitar	Petición
lanzar	21	romper	Modificación
echar	21	andar	Desplazamiento
echar	21	temblar	Manera Movimiento
lanzar	21	exportar	Transferencia
lanzar	21	comprar	Adquisición
echar	21	andar	Desplazamiento
lanzar	21	montar	Creación
echar	21	llorar	Fisiología
echar	21	correr	Desplazamiento
lanzar	21	pedir	Petición
lanzar	21	surcar	Desplazamiento
echar	21	andar	Desplazamiento
echar	21	llorar	Fisiología
lanzar	21	ofrecer	Transferencia
echar	21	llorar	Fisiología
echar	21	andar	Desplazamiento
echar	21	andar	Desplazamiento
lanzar	21	ganar	Adquisición
lanzar	21	hacer	Creación
lanzar	21	realizar	Actividad
tirar	21	comer	Ingestión
lanzar	21	producir	Creación
lanzar	21	realizar	Actividad
lanzar	21	tocar	Emisión
disparar	21	celebrar	Sensación
lanzar	21	decir	Comunicación
lanzar	21	advertir	Comunicación
lanzar	21	atacar	Competición
lanzar	21	tomar	Control
lanzar	21	cantar	Emisión de sonido
echar	21	correr	Desplazamiento
lanzar	21	utilizar	Uso
lanzar	21	contar	Comunicación
echar	21	andar	Desplazamiento
echar	21	rodar	Desplazamiento
tirar	21	formar	Creación
echar	21	correr	Desplazamiento
echar	21	temblar	Manera Movimiento
echar	21	temblar	Manera Movimiento
echar	21	llorar	Fisiología
echar	21	dormir	Fisiología
echar	21	correr	Desplazamiento
lanzar	21	montar	Creación
echar	21	andar	Desplazamiento
echar	21	temblar	Manera Movimiento
echar	21	correr	Desplazamiento
lanzar	21	abrir	Modificación
echar	21	temblar	Manera Movimiento
tirar	21	nadar	Desplazamiento
lanzar	21	comprar	Adquisición
lanzar	21	buscar	Percepción
echar	21	reír	Fisiología
lanzar	21	votar	Elección
tirar	21	nadar	Desplazamiento
echar	21	reír	Fisiología
echar	21	temblar	Manera Movimiento
echar	21	correr	Desplazamiento
lanzar	21	abrazar	Contacto
tirar	21	bailar	Actividad
tirar	21	enrollar	Modificación
lanzar	21	probar	Disposición
tirar	21	elaborar	Modificación
echar	21	andar	Uso
lanzar	21	bailar	Actividad
echar	21	gemir	Emisión de sonido
echar	21	temblar	Manera Movimiento
echar	21	volar	Desplazamiento
lanzar	21	vender	Transferencia
echar	21	correr	Desplazamiento
lanzar	21	poner	Modificación
lanzar	21	comprar	Adquisición
lanzar	21	comprar	Adquisición
tirar	21	cruzar	Desplazamiento
lanzar	21	investigar	Conocimiento
echar	21	andar	Desplazamiento
lanzar	21	participar	Actividad
echar	21	volar	Desplazamiento
tirar	21	realizar	Actividad
lanzar	21	operar	Actividad
lanzar	21	leer	Percepción
lanzar	21	correr	Desplazamiento
echar	21	andar	Desplazamiento
lanzar	21	casarse	Relaciones Sociales
lanzar	21	organizar	Modificación
echar	21	correr	Desplazamiento
echar	21	andar	Uso
tirar	21	tocar	Emisión
lanzar	21	implantar	Creación
lanzar	21	poner	Modificación
echar	21	andar	Uso
echar	21	rodar	Desplazamiento
echar	21	andar	Desplazamiento
echar	21	andar	Uso
lanzar	21	comprar	Adquisición
lanzar	21	comprar	Adquisición
lanzar	21	vender	Transferencia
lanzar	21	comprar	Adquisición
echar	21	andar	Uso
lanzar	21	dejar	Verbos de apoyo
echar	21	llorar	Fisiología
echar	21	llorar	Fisiología
lanzar	21	hacer	Verbos de apoyo
echar	21	rodar	Cambio
lanzar	21	realizar	Actividad
lanzar	21	emprender	Fase
echar	21	dormir	Fisiología
echar	21	correr	Desplazamiento
echar	21	temblar	Manera Movimiento
lanzar	21	corregir	Modificación
echar	21	andar	Desplazamiento
tirar	21	repetir	Comunicación
lanzar	21	criticar	Valoración
lanzar	21	crear	Creación
lanzar	21	innovar	Modificación
lanzar	21	completar	Unión
lanzar	21	investigar	Conocimiento
echar	21	andar	Desplazamiento
echar	21	llorar	Fisiología
lanzar	21	comprar	Adquisición
echar	21	andar	Desplazamiento
lanzar	21	ver	Percepción
arrojar	21	presentar	Percepción
lanzar	21	discutir	Comunicación
tirar	21	ver	Percepción
tirar	21	rescatar	Control
echar	21	andar	Desplazamiento
tirar	21	rescatar	Control
lanzar	21	probar	Disposición
lanzar	21	hacer	Verbos de apoyo
lanzar	21	viajar	Desplazamiento
echar	21	correr	Desplazamiento
lanzar	21	decorar	Modificación
tirar	21	reír	Fisiología
echar	21	llorar	Fisiología
tirar	21	llorar	Fisiología
echar	21	andar	Desplazamiento
echar	21	volar	Desplazamiento
lanzar	21	comprar	Adquisición
lanzar	21	probar	Disposición
tirar	21	nadar	Desplazamiento
lanzar	21	interpretar	Actividad
lanzar	21	investigar	Conocimiento
lanzar	21	vender	Transferencia
tirar	21	hacer	Verbos de apoyo
lanzar	21	escribir	Comunicación
lanzar	21	distribuir	Transferencia
echar	21	andar	Uso
lanzar	21	montar	Creación
lanzar	21	hacer	Verbos de apoyo
lanzar	21	comprar	Adquisición
lanzar	21	producir	Creación
echar	21	correr	Desplazamiento
lanzar	21	apoyar	Localización
lanzar	21	denunciar	Valoración
echar	21	volar	Desplazamiento
lanzar	21	gastar	Consumo
echar	21	correr	Desplazamiento
lanzar	21	recorrer	Desplazamiento
lanzar	21	saquear	Adquisición
lanzar	21	desarrollar	Fase
lanzar	21	comprar	Adquisición
echar	21	arder	Cambio
echar	21	temblar	Manera Movimiento
echar	21	andar	Uso
tirar	21	cantar	Emisión de sonido
echar	21	dormir	Fisiología
lanzar	21	conquistar	Adquisición
echar	21	correr	Desplazamiento
lanzar	21	intentar	Disposición
echar	21	andar	Desplazamiento
lanzar	21	buscar	Percepción
echar	21	temblar	Manera Movimiento
lanzar	21	querer	Volición
echar	21	andar	Uso
echar	21	dormir	Fisiología
tirar	21	joder	Sensación
echar	21	correr	Desplazamiento
echar	21	caminar	Desplazamiento
lanzar	21	invertir	Modificación
echar	21	rodar	Desplazamiento
echar	21	correr	Desplazamiento
echar	21	dormir	Fisiología
echar	21	llorar	Fisiología
lanzar	21	compartir	Posesión
echar	21	rodar	Desplazamiento
lanzar	21	compartir	Posesión
lanzar	21	comprar	Adquisición
lanzar	21	escribir	Comunicación
echar	21	andar	Desplazamiento
lanzar	21	seducir	Sensación
echar	21	andar	Desplazamiento
lanzar	21	competir	Competición
echar	21	correr	Desplazamiento
tirar	21	volar	Desplazamiento
echar	21	correr	Desplazamiento
lanzar	21	comprar	Adquisición
echar	21	andar	Uso
lanzar	21	sostener	Control
echar	21	andar	Desplazamiento
echar	21	temblar	Manera Movimiento
lanzar	21	formar	Relación
tirar	21	pegar	Contacto
lanzar	21	practicar	Verbos de apoyo
lanzar	21	beber	Ingestión
echar	21	temblar	Manera Movimiento
lanzar	21	crear	Creación
lanzar	21	vivir	Vida
lanzar	21	hacer	Creación
lanzar	21	vestir	Cuidado Corporal
lanzar	21	cubrir	Modificación
echar	21	andar	Desplazamiento
echar	21	correr	Desplazamiento
lanzar	21	hablar	Comunicación
lanzar	21	teclear	Contacto
echar	21	correr	Desplazamiento
lanzar	21	rodar	Desplazamiento
lanzar	21	hacer	Verbos de apoyo
echar	21	reír	Fisiología
lanzar	21	crear	Creación
echar	21	andar	Uso
echar	21	correr	Desplazamiento
echar	21	volar	Desplazamiento
echar	21	correr	Desplazamiento
tirar	21	hacer	Verbos de apoyo
lanzar	21	forjar	Creación
echar	21	girar	Manera Movimiento
lanzar	21	manipular	Actividad
echar	21	llorar	Fisiología
disparar	21	correr	Desplazamiento
lanzar	21	vivir	Vida
lanzar	21	comprar	Adquisición
lanzar	21	conseguir	Adquisición
echar	21	correr	Desplazamiento
echar	21	andar	Uso
tirar	21	trabajar	Actividad
lanzar	21	construir	Creación
lanzar	21	navegar	Desplazamiento
echar	21	volar	Desplazamiento
echar	21	andar	Uso
echar	21	reír	Fisiología
echar	21	reír	Fisiología
lanzar	21	grabar	Cambio
echar	21	rodar	Desplazamiento
echar	21	andar	Desplazamiento
echar	21	llorar	Fisiología
echar	21	temblar	Manera Movimiento
echar	21	reír	Fisiología
echar	21	rodar	Desplazamiento
lanzar	21	hacer	Verbos de apoyo
lanzar	21	cargar	Valoración
echar	21	correr	Desplazamiento
echar	21	rodar	Actividad
lanzar	21	conquistar	Adquisición
arrojar	21	morir	Vida
echar	21	andar	Desplazamiento
echar	21	temblar	Manera Movimiento
echar	21	andar	Desplazamiento
echar	21	llorar	Fisiología
echar	21	llorar	Fisiología
echar	21	reír	Fisiología
tirar	21	pensar	Cognición
echar	21	llorar	Fisiología
lanzar	21	conquistar	Adquisición
echar	21	temblar	Manera Movimiento
echar	21	andar	Desplazamiento
echar	21	andar	Desplazamiento
lanzar	21	revindicar	Comunicación
echar	21	rodar	Desplazamiento
echar	21	temblar	Manera Movimiento
tirar	21	descalificar	Valoración
echar	21	correr	Desplazamiento
lanzar	21	producir	Creación
lanzar	21	leer	Percepción
lanzar	21	elevar	Desplazamiento
echar	21	andar	Uso
echar	21	rodar	Desplazamiento
lanzar	21	crear	Creación
lanzar	21	hacer	Verbos de apoyo
lanzar	21	inaugurar	Relaciones Sociales
echar	21	volar	Desplazamiento
echar	21	andar	Uso
echar	20	reír	Fisiología
echar	19	reír	Fisiología
echar	19	buscar	Percepción
echar	17	dormir	Fisiología
echar	17	dormir	Fisiología
echar	20	reír	Fisiología
echar	20	llorar	Fisiología
echar	17	dormir	Fisiología
echar	20	andar	Desplazamiento
echar	18	adivinar	Conocimiento
echar	20	temblar	Manera Movimiento
echar	20	reír	Fisiología
echar	19	reír	Fisiología
echar	19	correr	Desplazamiento
lanzar	20	parlotear	Comunicación
echar	19	andar	Desplazamiento
echar	20	andar	Desplazamiento
echar	19	reír	Fisiología
echar	15	dormir	Fisiología
echar	20	andar	Desplazamiento
echar	20	llorar	Fisiología
echar	20	llorar	Fisiología
echar	19	andar	Desplazamiento
echar	20	reír	Fisiología
echar	20	dormir	Fisiología
echar	20	andar	Desplazamiento
echar	19	volar	Desplazamiento
echar	19	correr	Desplazamiento
lanzar	19	tomar	Control
echar	19	reír	Fisiología
echar	20	llorar	Fisiología
echar	20	llorar	Fisiología
echar	19	reír	Fisiología
echar	20	reír	Fisiología
echar	16	pensar	Cognición
echar	19	correr	Desplazamiento
echar	20	andar	Desplazamiento
echar	17	huir	Desplazamiento
echar	20	reír	Fisiología
echar	19	correr	Desplazamiento
echar	20	reír	Fisiología
echar	20	correr	Desplazamiento
echar	15	huir	Desplazamiento
echar	20	reír	Fisiología
echar	19	dormir	Fisiología
echar	17	dormir	Fisiología
echar	20	andar	Desplazamiento
echar	19	reír	Fisiología
echar	20	andar	Desplazamiento
echar	17	pensar	Cognición
echar	17	dormir	Fisiología
echar	16	huir	Desplazamiento
echar	20	reír	Fisiología
echar	20	correr	Desplazamiento
echar	19	andar	Desplazamiento
echar	20	correr	Desplazamiento
echar	16	huir	Desplazamiento
echar	20	correr	Desplazamiento
echar	20	reír	Fisiología
echar	15	huir	Desplazamiento
echar	20	correr	Desplazamiento
echar	20	correr	Desplazamiento
echar	20	reír	Fisiología
echar	20	reír	Fisiología
echar	19	andar	Desplazamiento
lanzar	20	dominar	Control
echar	20	reír	Fisiología
lanzar	19	herir	Modificación
echar	17	dormir	Fisiología
echar	20	correr	Desplazamiento
echar	15	soñar	Conocimiento
echar	20	andar	Desplazamiento
lanzar	19	tomar	Control
echar	20	reír	Fisiología
echar	20	reír	Fisiología
echar	19	andar	Desplazamiento
lanzar	20	girar	Manera Movimiento
echar	19	correr	Desplazamiento
echar	20	llorar	Fisiología
echar	16	dormir	Fisiología
echar	20	reír	Fisiología
echar	20	volar	Desplazamiento
echar	20	reír	Fisiología
echar	20	reír	Fisiología
echar	20	reír	Fisiología
echar	20	reír	Fisiología
echar	20	andar	Desplazamiento
echar	20	dormir	Fisiología
echar	20	correr	Desplazamiento
echar	19	andar	Desplazamiento
echar	19	llorar	Fisiología
echar	20	reír	Fisiología
echar	19	andar	Desplazamiento
echar	20	llorar	Fisiología
echar	20	reír	Fisiología
echar	19	correr	Desplazamiento
echar	20	temblar	Manera Movimiento
echar	20	andar	Desplazamiento
echar	16	dormir	Fisiología
echar	19	huir	Desplazamiento
echar	18	adivinar	Conocimiento
echar	20	llorar	Fisiología
echar	20	llorar	Fisiología
echar	19	andar	Desplazamiento
echar	20	reír	Fisiología
echar	20	andar	Desplazamiento
echar	20	correr	Desplazamiento
echar	20	andar	Desplazamiento
echar	19	andar	Desplazamiento
arrojar	19	conquistar	Adquisición
arrojar	17	reír	Fisiología
echar	19	correr	Desplazamiento
echar	19	llorar	Fisiología
echar	19	andar	Desplazamiento
echar	19	reír	Fisiología
echar	19	andar	Desplazamiento
echar	20	reír	Fisiología
echar	17	pensar	Cognición
echar	19	andar	Desplazamiento
echar	19	correr	Desplazamiento
echar	19	correr	Desplazamiento
echar	19	temblar	Manera Movimiento
echar	20	llorar	Fisiología
echar	20	reír	Fisiología
echar	20	andar	Desplazamiento
echar	20	temblar	Manera Movimiento
echar	20	buscar	Percepción
echar	20	reír	Fisiología
echar	20	reír	Fisiología
echar	16	huir	Desplazamiento
echar	20	andar	Desplazamiento
echar	20	correr	Desplazamiento
echar	16	huir	Desplazamiento
echar	20	reír	Fisiología
echar	20	dormir	Fisiología
lanzar	20	exponer	Percepción
echar	20	vivir	Vida
echar	19	reír	Fisiología
echar	20	dormir	Fisiología
echar	20	reír	Fisiología
echar	19	reír	Fisiología
echar	20	reír	Fisiología
echar	19	llorar	Fisiología
echar	19	llorar	Fisiología
echar	19	andar	Desplazamiento
echar	20	llorar	Fisiología
echar	17	huir	Desplazamiento
echar	20	reír	Fisiología
echar	20	correr	Desplazamiento
echar	19	dormir	Fisiología
echar	20	andar	Desplazamiento
echar	20	correr	Desplazamiento
echar	20	volar	Desplazamiento
echar	19	temblar	Manera Movimiento
echar	20	volar	Desplazamiento
echar	20	reír	Fisiología
echar	15	dormir	Fisiología
echar	19	volar	Desplazamiento
echar	20	reír	Fisiología
echar	20	temblar	Manera Movimiento
echar	19	volar	Desplazamiento
echar	19	llorar	Fisiología
echar	19	andar	Desplazamiento
echar	19	reír	Fisiología
echar	19	llorar	Fisiología
echar	19	reír	Fisiología
echar	19	llorar	Fisiología
echar	17	dormir	Fisiología
echar	20	llorar	Fisiología
echar	20	correr	Desplazamiento
echar	19	correr	Desplazamiento
echar	20	llorar	Fisiología
echar	17	huir	Desplazamiento
echar	19	andar	Desplazamiento
echar	20	dormir	Fisiología
echar	20	llorar	Fisiología
echar	20	llorar	Fisiología
echar	20	volar	Desplazamiento
echar	20	caminar	Desplazamiento
echar	20	vivir	Vida
echar	20	reír	Fisiología
echar	20	andar	Desplazamiento
echar	15	dormir	Fisiología
echar	19	correr	Desplazamiento
echar	16	huir	Desplazamiento
echar	19	volar	Desplazamiento
echar	20	correr	Desplazamiento
echar	20	correr	Desplazamiento
echar	20	reír	Fisiología
echar	15	dormir	Fisiología
arrojar	17	decir	Comunicación
echar	20	correr	Desplazamiento
arrojar	17	ser	Atribución
echar	16	dormir	Fisiología
echar	20	andar	Desplazamiento
echar	20	reír	Fisiología
echar	20	llorar	Fisiología
echar	20	correr	Desplazamiento
echar	20	andar	Desplazamiento
echar	16	huir	Desplazamiento
echar	20	correr	Desplazamiento
echar	20	correr	Desplazamiento
arrojar	17	decir	Comunicación
echar	14	dormir	Fisiología
echar	19	reír	Fisiología
echar	20	reír	Fisiología
echar	15	huir	Desplazamiento
echar	20	aprender	Conocimiento
lanzar	20	realizar	Actividad
echar	20	llorar	Fisiología
echar	16	dormir	Fisiología
arrojar	17	ser	Atribución
echar	20	reír	Fisiología
echar	20	reír	Fisiología
echar	20	llorar	Fisiología
echar	20	llorar	Fisiología
echar	20	andar	Desplazamiento
echar	19	llorar	Fisiología
echar	20	andar	Desplazamiento
arrojar	16	librar	Unión
echar	20	reír	Fisiología
echar	20	reír	Fisiología
echar	20	andar	Desplazamiento
echar	20	correr	Desplazamiento
echar	20	andar	Desplazamiento
echar	17	correr	Desplazamiento
echar	20	correr	Desplazamiento
echar	20	temblar	Manera Movimiento
echar	20	llorar	Fisiología
echar	20	llorar	Fisiología
echar	20	correr	Desplazamiento
echar	19	correr	Desplazamiento
echar	20	andar	Desplazamiento
echar	16	huir	Desplazamiento
echar	19	reír	Fisiología
echar	20	correr	Desplazamiento
echar	19	andar	Desplazamiento
arrojar	19	seguir	Desplazamiento
echar	19	reír	Fisiología
echar	17	dormir	Fisiología
echar	19	correr	Desplazamiento
echar	17	dormir	Fisiología
echar	20	reír	Fisiología
echar	19	correr	Desplazamiento
arrojar	19	mendigar	Actividad
lanzar	20	profanar	Relaciones Sociales
echar	20	llorar	Fisiología
echar	19	reír	Fisiología
lanzar	20	dar	Verbos de apoyo
echar	20	correr	Desplazamiento
arrojar	16	decir	Comunicación
echar	20	reír	Fisiología
lanzar	20	discernir	Percepción
lanzar	19	pedir	Petición
echar	20	reír	Fisiología
lanzar	20	empujar	Desplazamiento
echar	20	llorar	Fisiología
echar	19	reír	Fisiología
echar	16	huir	Desplazamiento
echar	19	reír	Fisiología
echar	20	reír	Fisiología
echar	20	llorar	Fisiología
echar	16	cortir	Modificación
echar	20	reír	Fisiología
echar	15	dormir	Fisiología
arrojar	17	cobrar	Adquisición
echar	19	reír	Fisiología
echar	19	correr	Desplazamiento
echar	20	reír	Fisiología
echar	20	volar	Desplazamiento
echar	20	llorar	Fisiología
lanzar	20	reconocer	Percepción
echar	20	correr	Desplazamiento
echar	16	dormir	Fisiología
echar	20	reír	Fisiología
echar	15	dormir	Fisiología
echar	20	reír	Fisiología
echar	19	andar	Desplazamiento
echar	20	andar	Desplazamiento
echar	19	correr	Desplazamiento
echar	20	correr	Desplazamiento
echar	20	andar	Desplazamiento
echar	20	llorar	Fisiología
echar	20	reír	Fisiología
arrojar	16	determinar	Conocimiento
echar	20	andar	Desplazamiento
echar	20	reír	Fisiología
echar	20	nadar	Desplazamiento
lanzar	20	ver	Percepción
echar	19	correr	Desplazamiento
echar	20	correr	Desplazamiento
echar	20	andar	Desplazamiento
echar	19	correr	Desplazamiento
echar	20	reír	Fisiología
echar	20	reír	Fisiología
lanzar	19	sostener	Control
echar	16	huir	Desplazamiento
echar	19	andar	Desplazamiento
echar	19	llorar	Fisiología
echar	19	andar	Desplazamiento
echar	20	andar	Desplazamiento
echar	20	llorar	Fisiología
echar	20	reír	Fisiología
echar	20	andar	Desplazamiento
echar	20	andar	Desplazamiento
echar	20	correr	Desplazamiento
echar	19	reír	Fisiología
echar	20	reír	Fisiología
echar	19	llorar	Fisiología
echar	13	obrar	Actividad
echar	20	volar	Desplazamiento
arrojar	17	vituperar	Comunicación
echar	20	correr	Desplazamiento
echar	20	correr	Desplazamiento
echar	19	andar	Desplazamiento
echar	19	volar	Desplazamiento
echar	20	correr	Desplazamiento
echar	19	discurrir	Conocimiento
echar	20	dormir	Fisiología
echar	20	reír	Fisiología
echar	14	dormir	Fisiología
echar	20	correr	Desplazamiento
echar	20	andar	Desplazamiento
echar	19	reír	Fisiología
echar	20	andar	Desplazamiento
echar	20	llorar	Fisiología
echar	20	andar	Desplazamiento
echar	20	llorar	Fisiología
echar	20	reír	Fisiología
echar	17	correr	Desplazamiento
echar	20	andar	Desplazamiento
echar	16	dormir	Fisiología
echar	19	reír	Fisiología
echar	20	ladrar	Emisión de sonido
echar	20	correr	Desplazamiento
echar	20	llorar	Fisiología
echar	20	correr	Desplazamiento
echar	20	reír	Fisiología
echar	19	correr	Desplazamiento
echar	20	andar	Desplazamiento
echar	19	buscar	Percepción
echar	20	andar	Desplazamiento
echar	20	reír	Fisiología
lanzar	20	luchar	Competición
echar	20	llorar	Fisiología
echar	19	reír	Fisiología
echar	20	volar	Desplazamiento
lanzar	19	ofrecer	Transferencia
echar	20	andar	Desplazamiento
echar	20	reír	Fisiología
echar	13	dormir	Fisiología
echar	19	andar	Desplazamiento
echar	20	sudar	Fisiología
echar	20	correr	Desplazamiento
echar	19	correr	Desplazamiento
lanzar	20	correr	Desplazamiento
echar	20	cantar	Emisión de sonido
echar	19	correr	Desplazamiento
echar	20	correr	Desplazamiento
echar	20	reír	Fisiología
echar	20	reír	Fisiología
echar	20	dormir	Fisiología
echar	19	correr	Desplazamiento
echar	20	reír	Fisiología
echar	20	reír	Fisiología
echar	19	reír	Fisiología
echar	20	andar	Desplazamiento
echar	19	andar	Desplazamiento
echar	20	andar	Desplazamiento
echar	20	llorar	Fisiología
echar	20	llorar	Fisiología
lanzar	20	luchar	Competición
echar	15	huir	Desplazamiento
lanzar	20	hablar	Comunicación
echar	20	andar	Desplazamiento
echar	20	volar	Desplazamiento
echar	20	llorar	Fisiología
lanzar	20	hablar	Comunicación
echar	20	reír	Fisiología
echar	16	dormir	Fisiología
echar	20	dormir	Fisiología
echar	15	dormir	Fisiología
echar	17	dormir	Fisiología
echar	20	llorar	Fisiología
echar	20	correr	Desplazamiento
echar	15	dormir	Fisiología
echar	20	dormir	Fisiología
echar	16	huir	Desplazamiento
echar	20	andar	Desplazamiento
echar	20	correr	Desplazamiento
echar	17	dormir	Fisiología
echar	20	andar	Desplazamiento
echar	20	reír	Fisiología
echar	19	reír	Fisiología
echar	19	correr	Desplazamiento
echar	20	llorar	Fisiología
echar	20	llorar	Fisiología
echar	20	correr	Desplazamiento
echar	20	andar	Desplazamiento
echar	20	llorar	Fisiología
echar	20	reír	Fisiología
echar	20	andar	Desplazamiento
echar	20	reír	Fisiología
echar	20	reír	Fisiología
echar	20	andar	Desplazamiento
arrojar	19	pelear	Competición
echar	19	andar	Desplazamiento
lanzar	20	charlar	Comunicación
echar	20	reír	Fisiología
echar	20	dormir	Fisiología
arrojar	16	ser	Atribución
echar	20	correr	Desplazamiento
echar	19	andar	Desplazamiento
echar	20	llorar	Fisiología
echar	20	andar	Desplazamiento
echar	20	llorar	Fisiología
echar	20	llorar	Fisiología
echar	19	correr	Desplazamiento
echar	15	huir	Desplazamiento
echar	20	correr	Desplazamiento
echar	20	reír	Fisiología
echar	19	andar	Desplazamiento
echar	19	correr	Desplazamiento
echar	20	reír	Fisiología
echar	16	dormir	Fisiología
echar	19	llorar	Fisiología
echar	20	reír	Fisiología
echar	18	adivinar	Conocimiento
echar	18	llorar	Fisiología
echar	20	volar	Desplazamiento
echar	15	huir	Desplazamiento
echar	20	llorar	Fisiología
echar	19	reír	Fisiología
echar	20	correr	Desplazamiento
echar	19	volar	Desplazamiento
echar	19	dormir	Fisiología
echar	18	morder	Contacto
echar	20	correr	Desplazamiento
echar	17	dormir	Fisiología
echar	19	volar	Desplazamiento
echar	20	reír	Fisiología
echar	20	reír	Fisiología
echar	20	andar	Desplazamiento
echar	19	andar	Desplazamiento
echar	19	andar	Desplazamiento
echar	20	reír	Fisiología
echar	20	correr	Desplazamiento
echar	20	revolcar	Manera Movimiento
echar	19	volar	Desplazamiento
arrojar	19	rodear	Localización
echar	16	dormir	Fisiología
echar	20	reír	Fisiología
echar	20	andar	Desplazamiento
echar	16	huir	Desplazamiento
echar	19	volar	Desplazamiento
echar	19	dormir	Fisiología
echar	19	andar	Desplazamiento
echar	18	dormir	Fisiología
echar	20	reír	Fisiología
echar	19	correr	Desplazamiento
echar	20	reír	Fisiología
echar	20	correr	Desplazamiento
lanzar	20	respirar	Fisiología
echar	20	llorar	Fisiología
echar	19	correr	Desplazamiento
lanzar	20	votar	Elección
lanzar	20	cerrar	Modificación
echar	20	reír	Fisiología
echar	15	huir	Desplazamiento
echar	20	correr	Desplazamiento
echar	19	reír	Fisiología
echar	20	volar	Desplazamiento
echar	20	correr	Desplazamiento
echar	20	reír	Fisiología
echar	20	reír	Fisiología
echar	18	dormir	Fisiología
echar	19	reír	Fisiología
echar	19	reír	Fisiología
echar	20	llorar	Fisiología
echar	20	andar	Desplazamiento
echar	15	huir	Desplazamiento
echar	16	huir	Desplazamiento
echar	20	temblar	Manera Movimiento
echar	20	correr	Desplazamiento
echar	20	correr	Desplazamiento
echar	19	llorar	Fisiología
echar	20	reír	Fisiología
echar	20	correr	Desplazamiento
echar	20	andar	Desplazamiento
echar	19	reír	Fisiología
arrojar	19	buscar	Percepción
arrojar	19	solicitar	Petición
echar	20	llorar	Fisiología
echar	20	reír	Fisiología
echar	20	andar	Desplazamiento
echar	20	andar	Desplazamiento
arrojar	19	ser	Atribución
echar	19	reír	Fisiología
echar	16	huir	Desplazamiento
arrojar	18	decir	Comunicación
echar	19	llorar	Fisiología
echar	20	correr	Desplazamiento
echar	19	andar	Desplazamiento
echar	16	correr	Desplazamiento
echar	20	llorar	Fisiología
echar	20	reír	Fisiología
echar	13	vagar	Desplazamiento
echar	20	reír	Fisiología
echar	20	llorar	Fisiología
echar	20	correr	Desplazamiento
echar	20	reír	Fisiología
echar	20	llorar	Fisiología
echar	19	andar	Desplazamiento
echar	19	dormir	Fisiología
echar	20	temblar	Manera Movimiento
echar	19	volar	Desplazamiento
echar	20	correr	Desplazamiento
echar	20	andar	Desplazamiento
echar	20	reír	Fisiología
echar	20	llorar	Fisiología
echar	14	cazar	Control
lanzar	20	especular	Cognición
echar	19	dormir	Fisiología
echar	16	dormir	Fisiología
echar	20	andar	Desplazamiento
echar	19	adivinar	Conocimiento
echar	20	volar	Desplazamiento
echar	16	dormir	Fisiología
echar	20	llorar	Fisiología
echar	20	correr	Desplazamiento
arrojar	17	decir	Comunicación
arrojar	16	tomar	Adquisición
echar	13	dormir	Fisiología
arrojar	16	repartir	Transferencia
echar	20	volar	Desplazamiento
echar	20	andar	Desplazamiento
echar	20	reír	Fisiología
echar	20	andar	Desplazamiento
echar	20	reír	Fisiología
echar	20	correr	Desplazamiento
echar	13	dormir	Fisiología
echar	20	correr	Desplazamiento
echar	20	reír	Fisiología
echar	19	reír	Fisiología
lanzar	19	cometer	Verbos de apoyo
arrojar	18	maltratar	Relaciones Sociales
echar	19	correr	Desplazamiento
echar	19	correr	Desplazamiento
echar	19	reír	Fisiología
echar	16	enfermar	Modificación
echar	16	dormir	Fisiología
echar	19	llorar	Fisiología
echar	19	llorar	Fisiología
echar	19	llorar	Fisiología
echar	17	dormir	Fisiología
echar	16	dormir	Fisiología
echar	20	andar	Desplazamiento
echar	19	pensar	Cognición
echar	20	andar	Desplazamiento
echar	19	llorar	Fisiología
echar	14	dormir	Fisiología
lanzar	20	explotar	Modificación
echar	19	andar	Desplazamiento
echar	20	llorar	Fisiología
echar	19	llorar	Fisiología
echar	19	volar	Desplazamiento
echar	20	llorar	Fisiología
echar	20	pasear	Desplazamiento
echar	19	pelear	Competición
echar	20	reír	Fisiología
lanzar	20	comentar	Comunicación
echar	20	reír	Fisiología
echar	16	huir	Desplazamiento
arrojar	17	matar	Vida
echar	20	reír	Fisiología
echar	20	andar	Desplazamiento
echar	20	correr	Desplazamiento
echar	19	reír	Fisiología
echar	20	andar	Desplazamiento
echar	19	reír	Fisiología
echar	19	dormir	Fisiología
echar	17	huir	Desplazamiento
echar	20	reír	Fisiología
lanzar	20	seguir	Desplazamiento
echar	20	reír	Fisiología
echar	20	temblar	Manera Movimiento
echar	20	andar	Desplazamiento
echar	20	reír	Fisiología
echar	20	reír	Fisiología
arrojar	19	besar	Contacto
echar	20	correr	Desplazamiento
echar	20	andar	Desplazamiento
echar	20	andar	Desplazamiento
echar	19	andar	Desplazamiento
arrojar	17	decir	Comunicación
echar	20	reír	Fisiología
echar	17	correr	Desplazamiento
echar	20	reír	Fisiología
echar	20	llorar	Fisiología
echar	20	llorar	Fisiología
echar	18	correr	Desplazamiento
echar	16	enfermar	Modificación
echar	19	correr	Desplazamiento
echar	20	reír	Fisiología
echar	19	discurrir	Conocimiento
echar	20	llorar	Fisiología
echar	20	correr	Desplazamiento
echar	20	reír	Fisiología
lanzar	20	hablar	Comunicación
echar	20	andar	Desplazamiento
echar	20	cubrir	Modificación
echar	19	buscar	Percepción
echar	19	correr	Desplazamiento
echar	20	llorar	Fisiología
echar	20	correr	Desplazamiento
arrojar	17	purgar	Modificación
arrojar	17	decir	Comunicación
echar	19	reír	Fisiología
echar	19	correr	Desplazamiento
arrojar	17	adivinar	Conocimiento
echar	20	correr	Desplazamiento
echar	20	andar	Desplazamiento
echar	20	reír	Fisiología
echar	18	correr	Desplazamiento
echar	20	reír	Fisiología
echar	19	andar	Desplazamiento
arrojar	17	subir	Desplazamiento
echar	20	reír	Fisiología
echar	20	cabalgar	Desplazamiento
echar	19	reír	Fisiología
echar	19	correr	Desplazamiento
echar	14	dormir	Fisiología
echar	14	dormir	Fisiología
echar	19	correr	Desplazamiento
echar	19	reír	Fisiología
echar	20	correr	Desplazamiento
echar	20	reír	Fisiología
echar	19	correr	Desplazamiento
echar	20	reír	Fisiología
echar	20	andar	Desplazamiento
echar	20	andar	Desplazamiento
echar	20	andar	Desplazamiento
echar	16	dormir	Fisiología
echar	19	llorar	Fisiología
echar	15	dormir	Fisiología
echar	20	andar	Desplazamiento
echar	19	correr	Desplazamiento
echar	20	reír	Fisiología
echar	20	correr	Desplazamiento
echar	20	correr	Desplazamiento
echar	20	temblar	Manera Movimiento
echar	20	reír	Fisiología
echar	20	reír	Fisiología
echar	19	reír	Fisiología
arrojar	19	decir	Comunicación
echar	17	volar	Desplazamiento
lanzar	20	exportar	Transferencia
echar	20	reír	Fisiología
echar	19	reír	Fisiología
echar	20	llorar	Fisiología
echar	19	correr	Desplazamiento
echar	20	correr	Desplazamiento
echar	20	reír	Fisiología
echar	19	reír	Fisiología
echar	19	reír	Fisiología
lanzar	19	cometer	Verbos de apoyo
echar	20	reír	Fisiología
echar	19	reír	Fisiología
echar	20	reír	Fisiología
echar	20	reír	Fisiología
tirar	15	poder	Disposición
echar	20	andar	Desplazamiento
echar	20	llorar	Fisiología
echar	20	andar	Desplazamiento
echar	17	dormir	Fisiología
echar	16	huir	Desplazamiento
echar	20	andar	Desplazamiento
echar	15	huir	Desplazamiento
arrojar	17	tomar	Control
echar	20	llorar	Fisiología
echar	20	andar	Desplazamiento
echar	16	huir	Desplazamiento
echar	16	huir	Desplazamiento
echar	20	reír	Fisiología
echar	16	huir	Desplazamiento
echar	17	dormir	Fisiología
echar	20	correr	Desplazamiento
echar	17	dormir	Fisiología
echar	18	pasear	Desplazamiento
echar	20	reír	Fisiología
echar	20	temblar	Manera Movimiento
echar	20	dormir	Fisiología
echar	20	andar	Desplazamiento
echar	20	caminar	Desplazamiento
echar	19	andar	Desplazamiento
arrojar	19	borrajear	Creación
echar	20	reír	Fisiología
echar	20	reír	Fisiología
echar	20	andar	Desplazamiento
echar	19	llorar	Fisiología
echar	19	reír	Fisiología
echar	20	andar	Desplazamiento
echar	20	reír	Fisiología
disparar	19	pasear	Desplazamiento
echar	13	dormir	Fisiología
echar	20	correr	Desplazamiento
echar	20	correr	Desplazamiento
echar	20	reír	Fisiología
echar	20	andar	Desplazamiento
echar	20	reír	Fisiología
echar	20	llorar	Fisiología
echar	20	dormir	Fisiología
lanzar	20	hablar	Comunicación
echar	17	dormir	Fisiología
echar	20	llorar	Fisiología
echar	20	correr	Desplazamiento
lanzar	20	escalar	Desplazamiento
echar	19	andar	Desplazamiento
echar	20	pensar	Cognición
echar	19	dormir	Fisiología
echar	20	correr	Desplazamiento
echar	20	correr	Desplazamiento
echar	19	reír	Fisiología
echar	20	llorar	Fisiología
echar	19	andar	Desplazamiento
echar	20	reír	Fisiología
lanzar	19	ver	Percepción
echar	19	reír	Fisiología
lanzar	20	pedir	Petición
echar	16	huir	Desplazamiento
echar	20	reír	Fisiología
echar	20	reír	Fisiología
echar	20	andar	Desplazamiento
lanzar	20	elaborar	Cambio
echar	20	correr	Desplazamiento
echar	20	andar	Desplazamiento
echar	20	andar	Desplazamiento
echar	20	reír	Fisiología
echar	20	llorar	Fisiología
echar	20	huir	Desplazamiento
echar	17	huir	Desplazamiento
echar	17	dormir	Fisiología
echar	20	reír	Fisiología
echar	20	correr	Desplazamiento
echar	20	llorar	Fisiología
echar	20	andar	Desplazamiento
echar	19	llorar	Fisiología
echar	20	reír	Fisiología
echar	19	llorar	Fisiología
echar	20	reír	Fisiología
echar	19	llorar	Fisiología
echar	20	correr	Desplazamiento
arrojar	16	aventurar	Disposición
echar	19	correr	Desplazamiento
arrojar	20	vituperar	Comunicación
echar	15	huir	Desplazamiento
echar	19	correr	Desplazamiento
echar	20	andar	Desplazamiento
echar	19	correr	Desplazamiento
echar	20	andar	Desplazamiento
echar	20	reír	Fisiología
echar	20	reír	Fisiología
echar	15	dormir	Fisiología
echar	19	correr	Desplazamiento
echar	20	correr	Desplazamiento
echar	20	correr	Desplazamiento
echar	20	reír	Fisiología
echar	19	correr	Desplazamiento
echar	20	reír	Fisiología
lanzar	20	actuar	Actividad
echar	20	correr	Desplazamiento
arrojar	20	escribir	Comunicación
echar	20	temblar	Manera Movimiento
echar	20	andar	Desplazamiento
echar	20	correr	Desplazamiento
arrojar	17	entretener	Sensación
echar	20	llorar	Fisiología
echar	20	reír	Fisiología
echar	13	dormir	Fisiología
echar	20	llorar	Fisiología
echar	20	volar	Desplazamiento
echar	20	reír	Fisiología
echar	20	andar	Desplazamiento
echar	19	andar	Desplazamiento
echar	20	correr	Desplazamiento
echar	19	andar	Desplazamiento
echar	20	andar	Desplazamiento
echar	20	reír	Fisiología
echar	19	llorar	Fisiología
echar	19	andar	Desplazamiento
echar	20	temblar	Manera Movimiento
echar	20	andar	Desplazamiento
echar	20	reír	Fisiología
echar	19	reír	Fisiología
echar	20	andar	Desplazamiento
echar	19	reír	Fisiología
echar	19	volar	Desplazamiento
echar	20	andar	Desplazamiento
echar	20	volar	Desplazamiento
echar	20	andar	Desplazamiento
echar	20	llorar	Fisiología
echar	20	reír	Fisiología
lanzar	19	tomar	Control
echar	20	andar	Desplazamiento
echar	19	reír	Fisiología
echar	16	huir	Desplazamiento
echar	20	reír	Fisiología
echar	19	andar	Desplazamiento
echar	20	reír	Fisiología
echar	20	volar	Desplazamiento
echar	20	llorar	Fisiología
echar	20	reír	Fisiología
echar	20	dormir	Fisiología
echar	19	andar	Desplazamiento
echar	16	dormir	Fisiología
echar	20	andar	Desplazamiento
echar	20	andar	Desplazamiento
arrojar	17	romper	Modificación
echar	20	reír	Fisiología
arrojar	18	pasar	Desplazamiento
echar	20	llorar	Fisiología
echar	18	dormir	Fisiología
echar	20	llorar	Fisiología
echar	13	dormir	Fisiología
echar	16	huir	Desplazamiento
echar	16	huir	Desplazamiento
echar	20	correr	Desplazamiento
echar	20	reír	Fisiología
echar	20	correr	Desplazamiento
echar	14	huir	Desplazamiento
echar	20	andar	Desplazamiento
echar	20	andar	Desplazamiento
echar	16	dormir	Fisiología
echar	20	correr	Desplazamiento
echar	20	andar	Desplazamiento
echar	19	correr	Desplazamiento
lanzar	20	dar	Verbos de apoyo
echar	19	dormir	Fisiología
echar	19	reír	Fisiología
echar	20	correr	Desplazamiento
echar	20	correr	Desplazamiento
echar	20	reír	Fisiología
echar	20	correr	Desplazamiento
echar	20	reír	Fisiología
echar	20	andar	Desplazamiento
echar	16	huir	Desplazamiento
echar	20	correr	Desplazamiento
echar	20	andar	Desplazamiento
echar	19	reír	Fisiología
echar	19	reír	Fisiología
echar	20	reír	Fisiología
echar	19	reír	Fisiología
echar	20	andar	Desplazamiento
arrojar	18	hacer	Verbos de apoyo
echar	19	reír	Fisiología
echar	20	correr	Desplazamiento
echar	20	temblar	Manera Movimiento
echar	14	dormir	Fisiología
echar	20	llorar	Fisiología
arrojar	17	infamar	Valoración
echar	20	andar	Desplazamiento
echar	19	correr	Desplazamiento
echar	20	llorar	Fisiología
echar	20	volar	Desplazamiento
echar	20	llorar	Fisiología
echar	19	andar	Desplazamiento
echar	20	andar	Desplazamiento
echar	20	salvar	Vida
echar	19	reír	Fisiología
echar	20	andar	Desplazamiento
echar	20	correr	Desplazamiento
echar	20	reír	Fisiología
echar	20	reír	Fisiología
echar	20	llorar	Fisiología
echar	20	reír	Fisiología
echar	20	dormir	Fisiología
echar	20	reír	Fisiología
echar	19	andar	Desplazamiento
echar	20	huir	Desplazamiento
echar	20	reír	Fisiología
echar	19	volar	Desplazamiento
echar	20	correr	Desplazamiento
echar	19	mirar	Percepción
echar	19	disertar	Disposición
arrojar	16	publicar	Comunicación
echar	20	correr	Desplazamiento
echar	16	dormir	Fisiología
echar	20	buscar	Percepción
echar	20	andar	Desplazamiento
echar	19	correr	Desplazamiento
echar	20	correr	Desplazamiento
echar	15	huir	Desplazamiento
echar	20	andar	Desplazamiento
echar	20	llorar	Fisiología
echar	20	volar	Desplazamiento
echar	19	reír	Fisiología
lanzar	20	navegar	Desplazamiento
echar	20	reír	Fisiología
echar	20	correr	Desplazamiento
echar	20	correr	Desplazamiento
echar	15	huir	Desplazamiento
echar	19	discurrir	Conocimiento
echar	20	dormir	Fisiología
echar	20	llorar	Fisiología
echar	20	llorar	Fisiología
echar	20	reír	Fisiología
echar	20	llorar	Fisiología
echar	19	correr	Desplazamiento
echar	20	llorar	Fisiología
echar	20	reír	Fisiología
echar	20	correr	Desplazamiento
echar	20	reír	Fisiología
echar	19	nadar	Desplazamiento
echar	16	dormir	Fisiología
echar	20	llorar	Fisiología
lanzar	19	decir	Comunicación
lanzar	19	golpear	Contacto
echar	15	cortir	Modificación
lanzar	19	crear	Creación
echar	20	llorar	Fisiología
echar	20	correr	Desplazamiento
echar	20	andar	Desplazamiento
echar	19	huir	Desplazamiento
echar	19	reír	Fisiología
echar	19	llorar	Fisiología
echar	19	andar	Desplazamiento
arrojar	18	querer	Volición
echar	19	correr	Desplazamiento
echar	19	correr	Desplazamiento
echar	19	andar	Desplazamiento
echar	19	reír	Fisiología
arrojar	16	tomar	Adquisición
echar	16	dormir	Fisiología
echar	16	amar	Sensación
echar	19	reír	Fisiología
echar	16	huir	Desplazamiento
lanzar	20	proponer	Petición
lanzar	20	hacer	Verbos de apoyo
echar	19	reír	Fisiología
lanzar	19	componer	Creación
arrojar	19	cometer	Verbos de apoyo
lanzar	19	descubrir	Percepción
lanzar	20	correr	Desplazamiento
echar	19	correr	Desplazamiento
arrojar	17	condenar	Valoración
lanzar	20	afrontar	Comportamiento
echar	19	reír	Fisiología
echar	19	andar	Desplazamiento
echar	19	andar	Desplazamiento
echar	19	reír	Fisiología
echar	19	temblar	Manera Movimiento
echar	16	huir	Desplazamiento
arrojar	19	buscar	Percepción
echar	15	dormir	Fisiología
echar	19	reír	Fisiología
lanzar	20	enseñar	Conocimiento
echar	19	andar	Desplazamiento
lanzar	20	impresionar	Sensación
lanzar	19	construir	Creación
echar	19	correr	Desplazamiento
echar	16	dormir	Fisiología
echar	19	reír	Fisiología
echar	19	correr	Desplazamiento
echar	17	huir	Desplazamiento
disparar	20	conquistar	Adquisición
arrojar	17	decir	Comunicación
echar	19	discurrir	Conocimiento
echar	19	reír	Fisiología
echar	19	volar	Desplazamiento
echar	15	dormir	Fisiología
echar	19	andar	Desplazamiento
echar	17	dormir	Fisiología
echar	19	andar	Desplazamiento
echar	19	reír	Fisiología
echar	15	huir	Desplazamiento
lanzar	20	contar	Comunicación
echar	19	llorar	Fisiología
arrojar	18	formar	Creación
arrojar	17	caminar	Desplazamiento
lanzar	19	inventar	Conocimiento
lanzar	20	hablar	Comunicación
echar	19	reír	Fisiología
echar	19	correr	Desplazamiento
lanzar	20	nadar	Desplazamiento
lanzar	19	dar	Verbos de apoyo
arrojar	20	destruir	Destrucción
echar	19	andar	Desplazamiento
arrojar	19	ejercitar	Actividad
echar	19	correr	Desplazamiento
echar	19	llorar	Fisiología
arrojar	16	amar	Sensación
echar	19	reír	Fisiología
echar	19	llorar	Fisiología
echar	19	reír	Fisiología
echar	19	correr	Desplazamiento
echar	19	reír	Fisiología
echar	19	correr	Desplazamiento
echar	13	dormir	Fisiología
echar	19	volar	Desplazamiento
echar	19	correr	Desplazamiento
echar	19	reír	Fisiología
echar	19	andar	Desplazamiento
echar	19	reír	Fisiología
arrojar	17	juzgar	Valoración
lanzar	20	teorizar	Conocimiento
echar	19	llorar	Fisiología
echar	19	llorar	Fisiología
echar	19	correr	Desplazamiento
echar	19	correr	Desplazamiento
echar	19	andar	Desplazamiento
echar	15	huir	Desplazamiento
arrojar	16	hacer	Verbos de apoyo
echar	17	dormir	Fisiología
echar	19	correr	Desplazamiento
echar	19	llorar	Fisiología
echar	19	llorar	Fisiología
echar	15	dormir	Fisiología
lanzar	20	difundir	Transferencia
echar	17	besar	Contacto
echar	17	correr	Desplazamiento
echar	19	reír	Fisiología
lanzar	20	defender	Competición
echar	19	llorar	Fisiología
echar	15	dormir	Fisiología
lanzar	20	crear	Creación
lanzar	20	satisfacer	Sensación
echar	19	reír	Fisiología
echar	19	andar	Desplazamiento
echar	19	reír	Fisiología
echar	19	andar	Desplazamiento
echar	19	reír	Fisiología
echar	19	reír	Fisiología
lanzar	20	producir	Creación
echar	16	dormir	Fisiología
arrojar	17	padecer	Sensación
echar	14	dormir	Fisiología
echar	19	correr	Desplazamiento
echar	15	huir	Desplazamiento
echar	15	dormir	Fisiología
echar	19	reír	Fisiología
echar	19	reír	Fisiología
echar	19	huir	Desplazamiento
echar	19	reír	Fisiología
echar	15	huir	Desplazamiento
echar	19	volar	Desplazamiento
echar	19	reír	Fisiología
echar	19	correr	Desplazamiento
echar	19	temblar	Manera Movimiento
echar	19	volar	Desplazamiento
echar	19	reír	Fisiología
echar	13	dormir	Fisiología
echar	16	huir	Desplazamiento
lanzar	19	cometer	Verbos de apoyo
lanzar	20	protestar	Comunicación
echar	18	aplaudir	Valoración
echar	19	reír	Fisiología
echar	19	temblar	Manera Movimiento
echar	16	dormir	Fisiología
lanzar	19	sostener	Control
echar	19	andar	Desplazamiento
echar	19	correr	Desplazamiento
echar	19	andar	Desplazamiento
arrojar	17	enseñar	Conocimiento
echar	19	andar	Desplazamiento
echar	16	dormir	Fisiología
lanzar	19	abrir	Modificación
echar	19	correr	Desplazamiento
arrojar	16	andar	Desplazamiento
echar	19	correr	Desplazamiento
tirar	20	correr	Desplazamiento
echar	15	dormir	Fisiología
echar	17	discurrir	Conocimiento
echar	19	buscar	Percepción
echar	19	volar	Desplazamiento
echar	19	correr	Desplazamiento
echar	15	huir	Desplazamiento
lanzar	19	correr	Desplazamiento
arrojar	19	profetizar	Comunicación
arrojar	19	salvar	Vida
echar	15	dormir	Fisiología
echar	19	andar	Desplazamiento
echar	15	dormir	Fisiología
echar	19	reír	Fisiología
echar	16	dormir	Fisiología
echar	19	correr	Desplazamiento
echar	19	correr	Desplazamiento
lanzar	20	volar	Desplazamiento
echar	19	reír	Fisiología
echar	14	dormir	Fisiología
lanzar	20	subir	Desplazamiento
echar	19	correr	Desplazamiento
echar	19	llorar	Fisiología
echar	17	correr	Desplazamiento
echar	17	huir	Desplazamiento
echar	19	andar	Desplazamiento
echar	19	correr	Desplazamiento
lanzar	20	preestablecer	Creación
echar	19	correr	Desplazamiento
lanzar	20	idolatrar	Sensación
echar	13	dormir	Fisiología
arrojar	16	pensar	Cognición
echar	19	buscar	Percepción
echar	19	andar	Desplazamiento
echar	16	huir	Desplazamiento
echar	16	huir	Desplazamiento
echar	19	correr	Desplazamiento
echar	19	correr	Desplazamiento
echar	17	dormir	Fisiología
echar	15	dormir	Fisiología
echar	19	andar	Desplazamiento
echar	19	volar	Desplazamiento
echar	19	andar	Desplazamiento
echar	19	dormir	Fisiología
echar	19	reír	Fisiología
echar	13	dormir	Fisiología
echar	19	andar	Desplazamiento
echar	15	huir	Desplazamiento
echar	15	servir	Actividad
echar	19	llorar	Fisiología
echar	19	correr	Desplazamiento
echar	19	dormir	Fisiología
echar	19	andar	Desplazamiento
echar	19	volar	Desplazamiento
echar	17	dormir	Fisiología
echar	16	dormir	Fisiología
echar	19	llorar	Fisiología
echar	19	llorar	Fisiología
echar	16	huir	Desplazamiento
echar	19	llorar	Fisiología
lanzar	20	actuar	Actividad
echar	19	discurrir	Conocimiento
arrojar	17	juzgar	Valoración
echar	19	llorar	Fisiología
echar	19	andar	Desplazamiento
echar	18	tratar	Relaciones Sociales
echar	18	imitar	Comportamiento
lanzar	19	trabajar	Actividad
echar	19	reír	Fisiología
echar	17	descansar	Actividad
echar	19	andar	Desplazamiento
echar	19	correr	Desplazamiento
echar	17	huir	Desplazamiento
echar	19	correr	Desplazamiento
lanzar	19	escribir	Comunicación
echar	13	dormir	Fisiología
echar	16	huir	Desplazamiento
echar	17	nadar	Desplazamiento
lanzar	19	romper	Modificación
echar	16	dormir	Fisiología
echar	19	temblar	Manera Movimiento
echar	19	correr	Desplazamiento
echar	19	reír	Fisiología
echar	19	andar	Desplazamiento
echar	19	correr	Desplazamiento
echar	19	reír	Fisiología
echar	13	dormir	Fisiología
echar	19	reír	Fisiología
echar	19	andar	Desplazamiento
echar	15	cortir	Modificación
echar	19	volar	Desplazamiento
echar	19	reír	Fisiología
echar	13	hacer	Verbos de apoyo
lanzar	20	balbucir	Comunicación
lanzar	20	recorrer	Desplazamiento
lanzar	19	emprender	Fase
echar	19	dormir	Fisiología
echar	17	huir	Desplazamiento
echar	18	huir	Desplazamiento
lanzar	20	recorrer	Desplazamiento
echar	16	dormir	Fisiología
echar	19	reír	Fisiología
echar	19	correr	Desplazamiento
echar	19	reír	Fisiología
echar	19	correr	Desplazamiento
arrojar	16	hacer	Verbos de apoyo
echar	13	vagar	Desplazamiento
echar	19	correr	Desplazamiento
echar	19	correr	Desplazamiento
arrojar	17	gastar	Consumo
echar	19	correr	Desplazamiento
echar	19	reír	Fisiología
echar	15	dormir	Fisiología
echar	19	reír	Fisiología
echar	19	volar	Desplazamiento
echar	19	correr	Desplazamiento
echar	19	reír	Fisiología
echar	15	huir	Desplazamiento
echar	17	nadar	Desplazamiento
arrojar	17	decir	Comunicación
echar	16	huir	Desplazamiento
echar	19	andar	Desplazamiento
echar	19	reír	Fisiología
echar	19	andar	Desplazamiento
echar	15	correr	Desplazamiento
echar	19	andar	Desplazamiento
echar	19	andar	Desplazamiento
echar	16	dormir	Fisiología
echar	19	correr	Desplazamiento
echar	19	correr	Desplazamiento
echar	19	andar	Desplazamiento
echar	16	dormir	Fisiología
echar	19	correr	Desplazamiento
echar	19	correr	Desplazamiento
echar	19	reír	Fisiología
echar	16	dormir	Fisiología
echar	19	andar	Desplazamiento
arrojar	19	sobreponer	Localización
echar	19	volar	Desplazamiento
echar	19	reír	Fisiología
echar	19	reír	Fisiología
lanzar	19	estorbar	Inducción
echar	19	volar	Desplazamiento
echar	19	andar	Desplazamiento
arrojar	17	decir	Comunicación
echar	19	llorar	Fisiología
lanzar	20	ejecutar	Actividad
echar	19	correr	Desplazamiento
lanzar	19	abrir	Modificación
echar	19	andar	Desplazamiento
echar	19	llorar	Fisiología
echar	19	llorar	Fisiología
echar	19	correr	Desplazamiento
echar	19	reír	Fisiología
echar	17	dormir	Fisiología
echar	19	correr	Desplazamiento
echar	19	andar	Desplazamiento
echar	16	huir	Desplazamiento
echar	17	huir	Desplazamiento
tirar	18	herir	Modificación
echar	19	andar	Desplazamiento
lanzar	19	engrandecer	Modificación
echar	19	andar	Desplazamiento
echar	16	huir	Desplazamiento
lanzar	19	conquistar	Adquisición
echar	19	correr	Desplazamiento
echar	19	reír	Fisiología
echar	16	dormir	Fisiología
echar	18	correr	Desplazamiento
echar	19	correr	Desplazamiento
echar	19	reír	Fisiología
echar	15	huir	Desplazamiento
echar	19	pedir	Petición
echar	19	adivinar	Conocimiento
echar	16	vender	Transferencia
arrojar	19	decir	Comunicación
lanzar	19	combatir	Competición
lanzar	20	imitar	Comportamiento
echar	19	andar	Desplazamiento
echar	19	correr	Desplazamiento
echar	16	huir	Desplazamiento
echar	18	volar	Desplazamiento
echar	19	reír	Fisiología
echar	19	llorar	Fisiología
echar	19	reír	Fisiología
arrojar	16	tratar	Relaciones Sociales
arrojar	17	morir	Vida
echar	19	reír	Fisiología
arrojar	17	querer	Volición
echar	19	correr	Desplazamiento
echar	19	andar	Desplazamiento
echar	16	huir	Desplazamiento
echar	19	correr	Desplazamiento
echar	19	llorar	Fisiología
echar	19	correr	Desplazamiento
lanzar	20	volar	Desplazamiento
echar	19	reír	Fisiología
arrojar	17	meter	Localización
arrojar	17	embestir	Competición
echar	19	reír	Fisiología
echar	19	reír	Fisiología
echar	19	llorar	Fisiología
tirar	20	rodar	Desplazamiento
echar	19	reír	Fisiología
echar	19	volar	Desplazamiento
arrojar	20	planear	Creencia
echar	19	andar	Desplazamiento
echar	16	multiplicar	Modificación
lanzar	20	juzgar	Valoración
echar	19	reír	Fisiología
arrojar	17	engañar	Conocimiento
echar	19	andar	Desplazamiento
lanzar	20	buscar	Percepción
echar	16	huir	Desplazamiento
echar	16	dormir	Fisiología
echar	16	huir	Desplazamiento
echar	19	andar	Desplazamiento
echar	17	dormir	Fisiología
echar	19	reír	Fisiología
echar	19	reír	Fisiología
echar	19	temblar	Manera Movimiento
echar	19	llorar	Fisiología
echar	16	dormir	Fisiología
echar	19	reír	Fisiología
echar	17	correr	Desplazamiento
echar	17	dormir	Fisiología
echar	17	huir	Desplazamiento
echar	19	correr	Desplazamiento
echar	18	volar	Desplazamiento
echar	17	huir	Desplazamiento
echar	17	dormir	Fisiología
echar	15	huir	Desplazamiento
arrojar	19	decir	Comunicación
arrojar	20	entrar	Desplazamiento
lanzar	20	combatir	Competición
echar	17	correr	Desplazamiento
arrojar	19	ganar	Adquisición
tirar	20	andar	Desplazamiento
echar	16	nadar	Desplazamiento
echar	19	llorar	Fisiología
echar	19	reír	Fisiología
echar	19	andar	Desplazamiento
echar	19	reír	Fisiología
echar	19	llorar	Fisiología
echar	16	huir	Desplazamiento
echar	17	dormir	Fisiología
arrojar	19	recoger	Control
echar	19	correr	Desplazamiento
lanzar	20	inventar	Conocimiento
tirar	20	peir	Petición
lanzar	19	navegar	Desplazamiento
arrojar	19	decir	Comunicación
echar	19	correr	Desplazamiento
echar	15	huir	Desplazamiento
echar	19	reír	Fisiología
echar	19	reír	Fisiología
arrojar	17	decir	Comunicación
echar	15	huir	Desplazamiento
echar	15	dar	Verbos de apoyo
echar	19	temblar	Manera Movimiento
lanzar	20	indagar	Conocimiento
echar	19	buscar	Percepción
echar	17	dormir	Fisiología
echar	19	llorar	Fisiología
echar	19	subir	Desplazamiento
echar	19	reír	Fisiología
echar	19	reír	Fisiología
echar	19	reír	Fisiología
echar	19	reír	Fisiología
echar	19	andar	Desplazamiento
arrojar	19	arrostrar	Conocimiento
echar	19	correr	Desplazamiento
arrojar	17	decir	Comunicación
echar	19	andar	Desplazamiento
echar	19	correr	Desplazamiento
echar	19	reír	Fisiología
echar	19	discurrir	Conocimiento
echar	19	correr	Desplazamiento
echar	19	correr	Desplazamiento
echar	19	volar	Desplazamiento
echar	13	dormir	Fisiología
lanzar	20	ver	Percepción
echar	19	correr	Desplazamiento
echar	19	temblar	Manera Movimiento
echar	15	huir	Desplazamiento
echar	19	reír	Fisiología
echar	19	andar	Desplazamiento
echar	19	reír	Fisiología
echar	19	buscar	Percepción
lanzar	20	escupir	Fisiología
echar	19	volar	Desplazamiento
echar	19	pensar	Cognición
echar	19	correr	Desplazamiento
echar	19	reír	Fisiología
echar	19	correr	Desplazamiento
echar	19	reír	Fisiología
arrojar	17	decir	Comunicación
echar	19	andar	Desplazamiento
arrojar	18	cometer	Verbos de apoyo
echar	19	dormir	Fisiología
echar	16	dormir	Fisiología
echar	19	correr	Desplazamiento
echar	19	correr	Desplazamiento
echar	19	correr	Desplazamiento
echar	19	temblar	Manera Movimiento
echar	19	andar	Desplazamiento
lanzar	20	defender	Competición
echar	19	correr	Desplazamiento
echar	19	andar	Desplazamiento
echar	17	correr	Desplazamiento
echar	16	dormir	Fisiología
echar	19	reír	Fisiología
echar	19	volar	Desplazamiento
echar	19	dormir	Fisiología
echar	19	correr	Desplazamiento
echar	19	reír	Fisiología
echar	13	dormir	Fisiología
echar	19	reír	Fisiología
echar	19	llorar	Fisiología
lanzar	20	escribir	Comunicación
echar	19	correr	Desplazamiento
lanzar	20	pacificar	Modificación
echar	19	andar	Desplazamiento
echar	17	correr	Desplazamiento
echar	15	vender	Transferencia
echar	18	correr	Desplazamiento
arrojar	18	lustrar	Modificación
echar	16	huir	Desplazamiento
echar	19	reír	Fisiología
echar	16	pensar	Cognición
echar	16	huir	Desplazamiento
echar	19	reír	Fisiología
echar	19	correr	Desplazamiento
echar	13	dormir	Fisiología
echar	19	correr	Desplazamiento
echar	16	dormir	Fisiología
echar	15	llevar	Desplazamiento
echar	18	correr	Desplazamiento
echar	19	llorar	Fisiología
echar	17	dormir	Fisiología
lanzar	20	seguir	Desplazamiento
echar	17	correr	Desplazamiento
echar	13	dormir	Fisiología
echar	17	huir	Desplazamiento
lanzar	20	hacer	Verbos de apoyo
echar	19	correr	Desplazamiento
echar	16	dormir	Fisiología
echar	16	dormir	Fisiología
echar	17	huir	Desplazamiento
arrojar	17	decir	Comunicación
lanzar	19	desorientar	Orientación
arrojar	18	establecer	Creación
echar	19	andar	Desplazamiento
echar	19	temblar	Manera Movimiento
lanzar	20	confesar	Comunicación
echar	19	llorar	Fisiología
echar	15	dormir	Fisiología
echar	19	reír	Fisiología
lanzar	19	usar	Uso
echar	19	llorar	Fisiología
echar	19	correr	Desplazamiento
echar	19	correr	Desplazamiento
echar	19	correr	Desplazamiento
echar	19	andar	Desplazamiento
echar	19	reír	Fisiología
echar	19	llorar	Fisiología
echar	15	dormir	Fisiología
lanzar	20	perseguir	Desplazamiento
echar	17	huir	Desplazamiento
echar	19	reír	Fisiología
echar	19	andar	Desplazamiento
echar	16	huir	Desplazamiento
echar	16	dormir	Fisiología
arrojar	19	manejar	Uso
echar	17	huir	Desplazamiento
echar	15	huir	Desplazamiento
echar	16	dormir	Fisiología
lanzar	19	expiar	Actividad
echar	19	correr	Desplazamiento
echar	14	dormir	Fisiología
echar	17	huir	Desplazamiento
echar	19	llorar	Fisiología
echar	19	correr	Desplazamiento
lanzar	19	buscar	Percepción
echar	19	andar	Desplazamiento
echar	18	correr	Desplazamiento
echar	19	reír	Fisiología
echar	15	dormir	Fisiología
echar	19	dormir	Fisiología
arrojar	19	entrar	Desplazamiento
echar	16	dormir	Fisiología
echar	13	dormir	Fisiología
echar	17	huir	Desplazamiento
echar	18	adivinar	Conocimiento
echar	15	huir	Desplazamiento
echar	19	reír	Fisiología
echar	15	dormir	Fisiología
lanzar	20	romper	Modificación
echar	19	andar	Desplazamiento
echar	19	volar	Desplazamiento
echar	19	andar	Desplazamiento
lanzar	19	decir	Comunicación
echar	19	llorar	Fisiología
lanzar	20	patrocinar	Transferencia
echar	19	correr	Desplazamiento
echar	19	andar	Desplazamiento
echar	19	llorar	Fisiología
echar	19	reír	Fisiología
echar	19	andar	Desplazamiento
echar	19	temblar	Manera Movimiento
echar	19	correr	Desplazamiento
echar	19	llorar	Fisiología
lanzar	19	referir	Relación
echar	16	huir	Desplazamiento
lanzar	20	exigir	Petición
echar	16	dormir	Fisiología
arrojar	19	hacer	Verbos de apoyo
echar	16	huir	Desplazamiento
echar	14	dormir	Fisiología
echar	15	vender	Transferencia
echar	18	descansar	Actividad
echar	16	dormir	Fisiología
echar	18	reír	Fisiología
echar	16	dormir	Fisiología
arrojar	20	decir	Comunicación
lanzar	19	trabajar	Actividad
lanzar	20	recoger	Control
lanzar	19	divagar	Comunicación
echar	17	huir	Desplazamiento
lanzar	20	golpear	Contacto
arrojar	20	cometer	Verbos de apoyo
lanzar	19	conquistar	Adquisición
echar	16	dormir	Fisiología
echar	16	dormir	Fisiología
echar	18	correr	Desplazamiento
lanzar	20	buscar	Percepción
echar	16	correr	Desplazamiento
disparar	17	correr	Desplazamiento
echar	13	dormir	Fisiología
echar	15	huir	Desplazamiento
lanzar	20	observar	Percepción
lanzar	20	escrutar	Percepción
echar	16	dormir	Fisiología
lanzar	20	alquilar	Transferencia
echar	16	huir	Desplazamiento
echar	16	huir	Desplazamiento
lanzar	19	trasponer	Desplazamiento
lanzar	20	saltar	Desplazamiento
echar	15	correr	Desplazamiento
echar	16	huir	Desplazamiento
lanzar	20	adular	Valoración
tirar	20	buscar	Percepción
echar	15	dormir	Fisiología
echar	17	correr	Desplazamiento
arrojar	19	tomar	Verbos de apoyo
echar	13	huir	Desplazamiento
lanzar	20	exponer	Percepción
echar	15	dormir	Fisiología
echar	17	dormir	Fisiología
echar	15	dormir	Fisiología
arrojar	16	hacer	Verbos de apoyo
arrojar	19	contener	Control
echar	15	dormir	Fisiología
echar	13	dormir	Fisiología
echar	15	nadar	Desplazamiento
echar	16	huir	Desplazamiento
arrojar	19	dar	Verbos de apoyo
echar	16	huir	Desplazamiento
arrojar	17	afirmar	Comunicación
lanzar	20	luchar	Competición
echar	16	dormir	Fisiología
lanzar	20	pedir	Petición
arrojar	17	seguir	Desplazamiento
lanzar	20	buscar	Percepción
arrojar	17	herir	Modificación
echar	14	dormir	Fisiología
echar	15	dormir	Fisiología
lanzar	20	hacer	Verbos de apoyo
echar	15	dormir	Fisiología
echar	15	dormir	Fisiología
echar	16	dormir	Fisiología
lanzar	20	pelear	Competición
lanzar	20	soltar	Control
echar	15	dormir	Fisiología
lanzar	20	robar	Adquisición
echar	17	dormir	Fisiología
echar	16	huir	Desplazamiento
echar	15	dormir	Fisiología
echar	15	arrancar	Desplazamiento
echar	15	huir	Desplazamiento
arrojar	17	prometer	Comunicación
echar	13	dormir	Fisiología
echar	17	estudiar	Conocimiento
echar	13	dormir	Fisiología
echar	16	dormir	Fisiología
echar	16	dormir	Fisiología
echar	16	dormir	Fisiología
lanzar	20	bailar	Actividad
echar	17	dormir	Fisiología
lanzar	20	predecir	Comunicación
arrojar	16	entregar	Transferencia
echar	16	huir	Desplazamiento
echar	17	huir	Desplazamiento
echar	15	vendimiar	Actividad
echar	18	reír	Fisiología
echar	15	huir	Desplazamiento
echar	16	dormir	Fisiología
echar	15	dormir	Fisiología
echar	17	nadar	Desplazamiento
arrojar	18	sacar	Desplazamiento
echar	15	dormir	Fisiología
lanzar	19	tomar	Verbos de apoyo
echar	17	dormir	Fisiología
echar	16	dormir	Fisiología
lanzar	20	dibujar	Creación
lanzar	19	luchar	Competición
echar	17	dormir	Fisiología
arrojar	18	maltratar	Relaciones Sociales
echar	16	enfermar	Modificación
arrojar	19	detener	Control
echar	15	dormir	Fisiología
echar	13	haber	Posesión
echar	16	dormir	Fisiología
echar	18	correr	Desplazamiento
lanzar	20	conquistar	Adquisición
lanzar	20	navegar	Desplazamiento
lanzar	20	multiplicar	Modificación
echar	18	correr	Desplazamiento
echar	15	huir	Desplazamiento
echar	16	dormir	Fisiología
echar	15	dormir	Fisiología
echar	18	dormir	Fisiología
echar	18	correr	Desplazamiento
echar	16	dormir	Fisiología
arrojar	18	decir	Comunicación
echar	16	dormir	Fisiología
lanzar	20	desbaratar	Destrucción
echar	18	complacer	Sensación
arrojar	20	estudiar	Conocimiento
echar	15	dormir	Fisiología
echar	17	dormir	Fisiología
echar	16	dormir	Fisiología
echar	16	teñir	Modificación
arrojar	17	manchar	Modificación
echar	15	huir	Desplazamiento
echar	15	dormir	Fisiología
echar	17	dormir	Fisiología
lanzar	20	morir	Vida
echar	15	huir	Desplazamiento
echar	16	huir	Desplazamiento
echar	17	correr	Desplazamiento
echar	13	dormir	Fisiología
echar	16	dormir	Fisiología
lanzar	19	aprender	Conocimiento
disparar	17	correr	Desplazamiento
echar	16	nadar	Desplazamiento
echar	15	labrar	Actividad
echar	15	huir	Desplazamiento
echar	16	dormir	Fisiología
arrojar	20	escribir	Comunicación
arrojar	19	negar	Disposición
arrojar	19	coger	Control
echar	17	dormir	Fisiología
lanzar	20	imitar	Comportamiento
disparar	17	llorar	Fisiología
echar	16	dormir	Fisiología
echar	15	huir	Desplazamiento
echar	15	dormir	Fisiología
arrojar	19	cebar	Modificación
echar	18	correr	Desplazamiento
lanzar	20	proponer	Petición
lanzar	20	perseguir	Desplazamiento
lanzar	20	correr	Desplazamiento
echar	17	dormir	Fisiología
echar	16	dormir	Fisiología
echar	16	podrecer	Modificación
echar	16	dormir	Fisiología
lanzar	20	constituir	Creación
echar	16	dormir	Fisiología
lanzar	20	nadar	Desplazamiento
echar	15	dormir	Fisiología
echar	17	correr	Desplazamiento
echar	15	dormir	Fisiología
echar	15	holgar	Existencia
lanzar	20	navegar	Desplazamiento
lanzar	20	perder	Posesión
tirar	18	ser	Atribución
arrojar	19	vituperar	Comunicación
echar	17	dormir	Fisiología
echar	15	dormir	Fisiología
lanzar	19	conspirar	Relaciones Sociales
tirar	18	evitar	Disposición
echar	13	ir	Desplazamiento
lanzar	20	calcular	Conocimiento
arrojar	17	beber	Ingestión
arrojar	19	atacar	Competición
echar	17	dormir	Fisiología
lanzar	20	hacer	Verbos de apoyo
tirar	20	cantar	Emisión de sonido
lanzar	20	recorrer	Desplazamiento
arrojar	17	buscar	Percepción
lanzar	20	torear	Control
echar	15	dormir	Fisiología
echar	13	dormir	Fisiología
echar	16	huir	Desplazamiento
arrojar	17	recibir	Adquisición
echar	17	dormir	Fisiología
lanzar	20	planear	Conocimiento
arrojar	17	creer	Creencia
echar	14	dormir	Fisiología
echar	16	nadar	Desplazamiento
lanzar	19	prestar	 Disposición
echar	18	dormir	Fisiología
echar	16	huir	Desplazamiento
lanzar	20	acabar	Fase
echar	16	dormir	Fisiología
lanzar	20	explicar	Comunicación
echar	16	huir	Desplazamiento
echar	17	dormir	Fisiología
lanzar	20	ser	Atribución
echar	16	dormir	Fisiología
lanzar	19	estrechar	Modificación
echar	18	dormir	Fisiología
arrojar	18	razonar	Conocimiento
echar	16	vender	Transferencia
echar	17	correr	Desplazamiento
echar	17	dormir	Fisiología
echar	15	huir	Desplazamiento
echar	16	dormir	Fisiología
arrojar	18	cometer	Verbos de apoyo
lanzar	19	concluir	Fase
echar	18	buscar	Percepción
echar	13	afazerse	Verbos de apoyo
tirar	15	ser	Atribución
echar	16	dormir	Fisiología
arrojar	19	morir	Vida
echar	17	soñar	Conocimiento
echar	13	dormir	Fisiología
echar	15	dormir	Fisiología
arrojar	20	discutir	Comunicación
lanzar	20	realizar	Actividad
echar	15	dormir	Fisiología
echar	16	correr	Desplazamiento
lanzar	20	cenar	Ingestión
echar	16	dormir	Fisiología
tirar	18	deleitar	Sensación
lanzar	20	trabajar	Actividad
tirar	18	engañarse	Conocimiento
echar	16	dormir	Fisiología
echar	17	dormir	Fisiología
echar	16	dormir	Fisiología
lanzar	20	despertar	Modificación
tirar	18	deslucir	Modificación
arrojar	16	embestir	Competición
echar	15	huir	Desplazamiento
arrojar	19	conquistar	Adquisición
echar	16	dormir	Fisiología
echar	15	enfermar	Modificación
echar	16	huir	Desplazamiento
echar	18	soñar	Conocimiento
echar	18	huir	Desplazamiento
echar	18	correr	Desplazamiento
arrojar	19	decir	Comunicación
lanzar	20	ofrecer	Transferencia
lanzar	19	pulsar	Contacto
echar	14	dormir	Fisiología
echar	17	correr	Desplazamiento
echar	17	descansar	Actividad
echar	17	dormir	Fisiología
lanzar	19	contestar	Comunicación
echar	16	dormir	Fisiología
lanzar	19	correr	Desplazamiento
arrojar	18	escribir	Comunicación
echar	15	nadar	Desplazamiento
echar	17	templar	Modificación
echar	16	dormir	Fisiología
arrojar	16	querer	Volición
echar	16	dormir	Fisiología
echar	15	huir	Desplazamiento
tirar	18	ensanchar	Modificación
arrojar	18	escalar	Desplazamiento
echar	16	nadar	Desplazamiento
lanzar	20	surcar	Desplazamiento
arrojar	17	colar	Localización
echar	18	andar	Desplazamiento
arrojar	20	llenar	Modificación
echar	16	dormir	Fisiología
lanzar	19	imaginar	Creencia
tirar	18	deslucir	Modificación
echar	16	huir	Desplazamiento
arrojar	16	hacer	Verbos de apoyo
echar	17	dormir	Fisiología
echar	16	huir	Desplazamiento
lanzar	19	ejecutar	Actividad
lanzar	20	replicar	Comunicación
tirar	20	margullar	 Emisión de sonido
echar	15	dormir	Fisiología
lanzar	20	trazar	Creación
lanzar	19	perseguir	Desplazamiento
echar	17	dormir	Fisiología
echar	18	adivinar	Conocimiento
